Post,Label
NY/NJ Trail Conference is looking for seasonal staff interested in environmental conservation FYI. they work on hiking trails.,newjersey
The NYS Department of Environmental Conservation (DEC) is rebuilding previously closed and reclaimed roads in the High Peaks Wilderness Complex.,Adirondacks
Spring Seedling Sale - NYS Dept. of Environmental Conservation,Troy
Environmental Conservation,UWMadison
Does one need to be a great communicator/presenter to go into GIS (specially Environmental/Conservation roles)?,gis
Exploring whether educational background has an impact on eco-anxiety- (18+ University students studying Environmental/conservation/ sustainability),SampleSize
Consider the Ohio train burning. Has this affected your view on environmental conservation?,polls
Guide to environmental conservation,TerrariaMemes
Environmentalist Ritik Kumar Sihna Leads the Charge for Environmental Conservation!,u_ritikkumarsinha
Environmentalist Ritik Kumar Sinha Leads the charge for environmental conservation,u_ritikkumarsinha
"Man arrested after impersonating Environmental Conservation officer, stealing hunter's guns",ActLikeYouBelong
Idris Elba travelled halfway around the world on a jet to collect his award from the WEF for ‚Äúclimate change and environmental conservation‚Äù. You can‚Äôt make this stuff up.,u_gubenilekani
"Environmental, conservation groups optimistic shifting makeup of DNR board will yield policy changes",wisconsinpolitics
NYS Department of Environmental Conservation planning to close campgrounds after Labor Day 2023 due to budget cuts,camping
"any hpp concerning: The potential for AI to be used for social good, such as in disaster response and environmental conservation efforts",QuantumAI_Insights
"After Spending A Year In Jail former illegal gun runner, Mbah Gimbal spent 7-years on a spiritual journey. he eventually established a community education center/permaculture farm. Since then, he has taught hundreds of students the principles of permaculture and environmental conservation.",UpliftingNews
Help finding an ideal job (Environmental/Conservation/Sustainability),findapath
"Independent foundation for long-term environmental conservation. Bipartisan bill sponsored by Senators Chris Coons, John Boozman, Martin Heinrich, Richard Burr, Thom Tillis, Sheldon Whitehouse and Lindsey Graham.",u_billsponsor
Major in Environmental Conservation and Sustainability,Environmental_Careers
"An estimated 369.65 million disposable cups were used to serve drinks by nine major coffee chains in Japan in 2020 alone, highlighting limited progress in promoting reusable cups and cutting waste, according to a recent survey by an environmental conservation group.",environment
"@Potus - It was great to meet with @yseali alums in Cambodia and discuss these young leaders' commitment to promoting human rights, women's empowerment, access to education, and environmental conservation.",POTUSWatch
What have you done to promote responsible environmental conservation?,AskReddit
What have you done to promote responsible environmental conservation?,u_TemperatureOk7141
Environmental Conservation?,victoria3
Tokyo Metropolitan Government develops biodegradable plastic products for environmental conservation,JapanNews24
"Just graduated &amp; need advice before I send out applications; shooting for a job in GIS or environmental conservation (or both). Have barely any experience in the professional world, but I have extensive skills in GIS so I am wondering how to convey that in my resume. Thanks in advance!",resumes
"If one is interested into enrolling/volunteering in an environmental conservation project for spiritual purposes, what should be concerned?",druidism
What have you done to promote responsible environmental conservation?,u_Annual_Shop_4733
DEC and Great Lakes Research Consortium Announce Research Grants for Projects on Lake Ontario and St. Lawrence River - NYS Dept. of Environmental Conservation - New York State Department of Environmental Conservation,tomorrowsworld
What have you done to promote responsible environmental conservation?,u_Ok_Resolve_3236
"An estimated 369.65 million disposable cups were used to serve drinks by nine major coffee chains in Japan in 2020 alone, highlighting limited progress in promoting reusable cups and cutting waste, according to a recent survey by an environmental conservation group.",ZeroWaste
"Aloha from Hawaii - Please consider supporting and following - Infinite Reach - a 501(c)(3) non-profit organization addressing issues involving food security, environmental conservation, climate change resilience, and the betterment of conditions of Native Hawaiians and other disadvantaged groups.",Charity
Environmentalist David Attenborough has been knighted for the second time in his life. That's right ‚Äî he has now been knighted twice! Attenborough has dedicated his life towards environmental conservation. His official title is now Knight Grand Cross.,wholesome
Young Farmers Are Motivated by Environmental Conservation,u_lilwlon
What do you think about spending money on space exploration vs environmental conservation? Do you think it‚Äôs wise to fund both efforts? Is one more important than the other?,AskReddit
Here in NYS our Department of Environmental Conservation does not allow us to hunt with centerfire semi automatic rifles unless we have the capacity of 1 in the chamber and 5 in the magazine. Solution: plug a 10 round magazine to only accept 5 rounds. I am looking forward to blasting some woodchucks,Hunting
Thoughts on entering environmental/conservation field,environmental_science
"We had a rally in Denver, I talked about my plans to protect your internet privacy from corporations thru legislation, my plans for environmental conservation and my plan to loosen gun restrictions. Then we had a fantastic kebab only lunch thanks all of your donations to my campaign!",PoliticalSimulationUS
"A magnificent and very healthy male tiger sighted yesterday in Kaziranga, northeast India. Proper environmental conservation which allows for good genetic variability and a robust prey base results in morphologically imposing specimens like this one.",megafaunarewilding
What is the biggest environmental conservation lie know by you?,AskReddit
Ambuluwawa Environmental Conservation,srilanka
How the British Columbia government is using their own failures in wildlife and environmental conservation to justify the culling of wolves. Scroll &gt;&gt;&gt;,megafaunarewilding
the meeting was for an environmental conservation type thing in Wisconsin,shitposting
"Native Growers Can Help the US Meet Its Climate Goals. Will the New Farm Bill Offer Enough Support? A conversation with Carly Griffith Hotvedt about the Native Farm Bill, traditional Indigenous knowledge, and environmental conservation.",IndianCountry
NYS Environmental Conservation Police Dodge Ram,PoliceVehicles
I'm a biologist that founded a metal band themed around environmental conservation for the purpose of raising awareness. Thought this may be of interest to some people.,biology
If you‚Äôre in college looking for an environmental conservation job in the US.,biology
Lane Cover Bushland &amp; Conservation Society holding a information slope about data center being developed adjacent an environmental conservation area.,syd
Does anyone know of any local environmental conservation groups I can join?,SaltLakeCity
What are some of the best email newsletters (or any other resource) to learn about sustainable green technology and environmental conservation?,marketing
"üåä $AQUARI üåä - The world's first environmental conservation DAO! Doxxed team with weekly twitchtv AMAs. 16M CAP, 7,000+ Holders - WhiteBIT listing incoming (Solid fundamentals)",CryptoMoonShots
What are some ways to make the large-scale issue of environmental conservation relatable to people?,AskReddit
"President Kovind presents Padma Shri to Smt Tulsi Gowda for Social Work. She is an environmentalist from Karnataka who has planted more than 30,000 saplings and has been involved in environmental conservation activities for the past six decades.",IndiaSpeaks
Title V Air Permit Review Report by New York Dept. of Environmental Conservation,gree
"A New Trump-Tied PAC Has Entered The Right-Wing War Against Biden‚Äôs Environmental Conservation Goals | Sagebrush Rebellion PAC, led by former Trump officials, is making a documentary starring the most rabid opponents of the ""30x30"" initiative.",AnythingGoesNews
"$AQUARI - The world's first Environmental Conservation DAO! Make money by Investing in the Planet &amp; Your Future. 22MCAP, 6,800+ Holders (solid fundamentals)",CryptoMoonShots
Drones contribution in environmental conservation,dflyf
"The Western Region Women in Conservation Network, (WeWiCon) has been inaugurated to spearhead environmental conservation education in the Region.",GhanaNewsToday
Investment in environmental conservation to increase,environment
"Black/death doom metal themed around environmental conservation - My band just released the first track from upcoming album Croak, let us know what you think. Cheers.",metalmusicians
7 METHODS OF ENVIRONMENTAL CONSERVATION,geography
World Environment Day Sale! Save $5 on Orders $35 or More + Free Shipping - $1 per order goes to Environmental Conservation,hot_coupons
Gift for my vegan friend who is all about environmental conservation?,GiftIdeas
Smart Infinity‚Äôs Infinite Legacies spotlights Stephanie Kienle-Gonzalez and her push for environmental conservation,phnewsfeed
üåä $AQUARl üåä - Listed on CG and CMC | more than 10k holders. The world's first environmental conservation DA0! Doxxed team with weekly twitchtv AMAs.,CryptoMoonShots
üåä $AQUARl üåä - Listed on CG and CMC | more than 10k holders. The world's first environmental conservation DA0! Doxxed team with weekly twitchtv AMAs.,CryptoMoonShots
What is The Satanic Temple‚Äôs stance on climate change and environmental conservation?,SatanicTemple_Reddit
‚ÄòWhy don‚Äôt the police have sensitivity towards environmental conservation?‚Äô,BangladeshMedia
NorCal high school students win funding to launch environmental conservation projects,News_Education
"üåä $AQUARI üåä - The world's first environmental conservation DAO! Doxxed team with weekly twitchtv AMAs. 16M CAP, 8,000+ Holders - WhiteBIT listing incoming (Solid fundamentals)",CryptoMoonShots
"Originally meant for environmental conservation, but seems fitting for simple living too",simpleliving
What in environmental conservation,whatintarnation
Conservation on a budget: Study shows how to balance economic development goals with environmental conservation using freely available data,u_arazno
"Biden‚Äôs War On Oil, Gas Drilling Likely To Hurt Environmental Conservation Programs",conservatives
Why isn't environmental conservation more popular among conservatives?,AskAnAmerican
"Anyone transitioned from environmental consulting to environmental conservation? Like state parks managment, DNR, OLM, Park ranger type of thing.",geologycareers
Anyone know of volunteer opportunities for environmental conservation work?,Columbus
$AQUARI - The world's first Environmental Conservation DAO! Make money by Investing in the Planet &amp; Your Future - Already on Coingecko - CMC and WhiteBit incoming!!!,CryptoMoonShots
Why environmental conservation won't save nature | Lesley Hughes | TEDxSydney,conservation
Minting NFTs to support environmental conservation,algorand
What are some of the best newsletters (or any other resource) about sustainable green technology and environmental conservation?,marketing
Career path for someone with architecture degree that wants to do hands on field work in environmental conservation and ecological design ?,LandscapeArchitecture
Phool Dei: Uttarakhand's festival of flowers to teach kids environmental conservation,u_gsscore01
$CWRK: Aligning Tech Innovation with Environmental Conservation Goals,CWRK
Endangered species NFT building up an exclusive community that supports environmental conservation WL spots available soon GET IN EARLY,NFTsMarketplace
Will Biden administration actually bring new jobs to the environmental/conservation/climate science+research sectors?,geologycareers
[@GIFSKULL] Top Heels in WWE: - Drew McIntyre has a strong work ethic - Baron Corbin delegates authority to women - Daniel Bryan promotes environmental conservation - Dean Ambrose gets vaccinated,SquaredCircle
Environmental Conservation Officer Trainee Study Help,Environmental_Careers
"Happy 50th birthday to Woody Owl, the environmental conservation mascot for the USDA Forest Service",Superbowl
Environmental/conservation charities in NZ worth donating to,newzealand
What kind of welding jobs are out there in the realm of environmental conservation?,weldingjobs
"We should take a leaf out of wall Es book. note, I‚Äôm against littering. and pro environmental conservation",im14andthisisdeep
"I recently released my ocean-themed/environmental conservation album. Let me know what you guys think, cheers mates.",BlackMetal
[Environmental Conservation NRM12: Community College] My instructor is wanting me to come up with two research topics and I don't know what to research.,HomeworkHelp
Career path for someone with architecture degree that wants to do hands on field work in environmental conservation and ecological design ?,conservation
Strategies for obtaining environmental/conservation science jobs with a physical disability,Environmental_Careers
"2022 Spring Seedling Sale - NYS Dept. of Environmental Conservation - Orders open Monday, January 3rd. 518-581-1439",wnyconservation
Venezuela: An Oasis of Environmental Conservation,OrinocoTribune
What are some good environmental/conservation clubs to join at UofT?,UofT
"$AQUARI - The world's first Environmental Conservation DAO! Make money by Investing in the Planet &amp; Your Future. Doxxed team/devs, 1.5M CAP 2,000+ Holders (solid fundamentals)",BSCMoonShots
