,Post,Label
0,calls for bigger windfall tax after shell makes obscene  profit  shell  the guardian,GlobalWarming
1,skeptical science getting skeptical about global warming skepticism the escalator rises again posted on  february  by ken rice httpsskepticalsciencecom,GlobalWarming
2,this group is sharpening the gop attack on woke wall street,GlobalWarming
3,i understand why people dont like elon musk but that aside is it okay to admire him for what hes doing to slow down global warming,GlobalWarming
4,big oils plastic apocalypse,GlobalWarming
5,floating cities  a solution to sea level rise for lowlying countries what do you think ,GlobalWarming
6,tesla plans  bln nevada expansion to make semi truck battery cells,GlobalWarming
7,no chance of global heating below  but nuclear tech promising in climate crisis bill gates says  the key is to minimise the warming as much as possible he said at this point to stay below  would be pretty fantastic i do think thats possible,GlobalWarming
8,the dollar and climate  phenomenal world,GlobalWarming
9,whats the origin of this photo,GlobalWarming
10,we have green grass,GlobalWarming
11,how do you find a balance between trying to communicate the message that global warming is truly a serious matter with the views of doomers who preach nearterm extinction,GlobalWarming
12,global warming is poised to accelerate in  and ,GlobalWarming
13,a new climate reality less warming but worse impacts on the planet,GlobalWarming
14,overcast  geoengineering documentary,GlobalWarming
15,exxon scientists predicted global warming even as company cast doubts study finds,GlobalWarming
16,objective unbiased book suggestions,GlobalWarming
17,arctic sea ice is at its lowest extent for this time of year since record keeping began httpsarcticnewsblogspotcom,GlobalWarming
18,is there a future for gas utilities it could be heating and cooling your home from the ground,GlobalWarming
19,what does the term green changemakermean to you,GlobalWarming
20,new shipping regulation to combat global warming is under fire,GlobalWarming
21,a career in environmentalism,GlobalWarming
22,could porsches carbonneutral efuel help the environment,GlobalWarming
23,is it too late,GlobalWarming
24,stupid question,GlobalWarming
25,farewell to the senates biggest climate denier,GlobalWarming
26, was a big year for climate action in the courts,GlobalWarming
27,if humanity suddenly disappeared,GlobalWarming
28,czechia global warming,GlobalWarming
29,ok this may be a stupid question,GlobalWarming
30,this is whats at risk from climate change in alaska,GlobalWarming
31,in the southeast power company money flows to news sites that attack their critics,GlobalWarming
32,the fastest warming town on earth you might have never heard of ,GlobalWarming
33,rising climate costs will be a challenge in ,GlobalWarming
34,the truth about your precious green heat pump technology,GlobalWarming
35,fight global warming and drought by placing floating aluminium mirrors on water surfaces beverage can bottoms could be used for this,GlobalWarming
36,land reclamation a littleknown environmental catastrophe,GlobalWarming
37,oil firms have internally dismissed swift climate action house panel says,GlobalWarming
38,research on links between climate anxiety and other factors,GlobalWarming
39,it still bugs me that politicians used the texas power outage to attack wind turbines,GlobalWarming
40,want your comments,GlobalWarming
41,our world in  years whats it going to look like especially if we dont get a grip on global warming thats how i start a painting thought this group would appreciate my need to raise awareness through my art,GlobalWarming
42,how many people do i kill in relation to the pollution i make ,GlobalWarming
43,giant seaweed farm in the middle of the ocean aims to be a global carbon sink,GlobalWarming
44,listen up,GlobalWarming
45,the collapse of ftx and sbf are symptoms of a system driving us towards climate disaster,GlobalWarming
46,we need to do something,GlobalWarming
47,whos coming with us,GlobalWarming
48,billionaires are incompatible with solving global warming,GlobalWarming
49,village in french alps demolishes its ski lift because theres no snow left,GlobalWarming
50,massive respect to these japanese fans attending the fifa world cup  opening ceremony much to learn from japanese,GlobalWarming
51,the west will not act on climate change until it feels its pain,GlobalWarming
52,i have a question,GlobalWarming
53,in a reversal the us agrees to climate payments for poor nations,GlobalWarming
54,on the highway to climate hell,GlobalWarming
55,energy requirements and carbon emissions for a lowcarbon energy transition,GlobalWarming
56,paris agreement architects demand a similar deal for nature,GlobalWarming
57,the climate catastrophe that is the qatar world cup,GlobalWarming
58,global warming is going to happen we cant stop it,GlobalWarming
59,how a sand battery could transform clean energy,GlobalWarming
60,how you can stop global warming,GlobalWarming
61,man made solutions for global warming,GlobalWarming
62,four hundred private jets arrived in egypt during  as climate delegates accused of hypocrisy,GlobalWarming
63,question about global warming,GlobalWarming
64,probably one of the most depressing comment sections ive ever read,GlobalWarming
65,heres a song about global warming,GlobalWarming
66,oil companies are eying federal climate funds to expand hydrogen production will their projects cut emissions  inside climate news,GlobalWarming
67,how global warming is affecting the norwegian tundra,GlobalWarming
68,its really real,GlobalWarming
69,global high temperature spiral from  to  seems like after atomic weapons temps accelerated,GlobalWarming
70,it was like an apocalyptic movie  climate photographs that changed the world  climate crisis  the guardian,GlobalWarming
71,understanding the consequences of global warming,GlobalWarming
72,so would an ice age which they say is coming save us from the effects of global warming,GlobalWarming
73,flurry of climate change reports have ominous message we are heading in the wrong direction,GlobalWarming
74,climate change is rapidly accelerating in california state report says,GlobalWarming
75,how star trek picard mishandles climate change,GlobalWarming
76,how badly is japans economy going to be affected by global warming,GlobalWarming
77,reverse engineering,GlobalWarming
78,chaos covid and climate change with tim palmer,GlobalWarming
79,global warming has significantly affected the development of bumblebees according to research by scientists in great britain,GlobalWarming
80,global warming problemlets save our planet,GlobalWarming
81,global warming problem,GlobalWarming
82,just a thought  anybody want to add,GlobalWarming
83,whats the current popular consensus on ocean level rises most recent studies i find are either contradicting or ignoring each others findings,GlobalWarming
84,lets discuss global warming tonight at  pm ist ,GlobalWarming
85,greenland zombie ice and why well get at least  cm of sea level rise just from greenland,GlobalWarming
86,melt ponds in west greenland,GlobalWarming
87,are there any countries that are likely to gain from global warming from things like warming temperature sea level rise,GlobalWarming
88,theyre not climate deniers,GlobalWarming
89,its time to start moving coastal cities to higher ground  heres why,GlobalWarming
90,oceans give oceans take introductory video about the oceans and agw,GlobalWarming
91,geo thermal eruptions should be regulated,GlobalWarming
92,global warming science experiment for education  evidence,GlobalWarming
93,will global warming cause a catastrophe in the middle east,GlobalWarming
94,global emissions,GlobalWarming
95,fuel firms should pay for climate harm un leaders told,GlobalWarming
96,earth from space uk heatwave,GlobalWarming
97,irreversible climate tipping points may mean the end of human civilization,GlobalWarming
98,opinion  the worlds ice is melting humanity must prepare for the consequences,GlobalWarming
99,how global warming and la nina fueled a summer of climate extremes,GlobalWarming
100,no global warming for  years and  months per nasa satellite data thats no warming despite  billion tons of  emissions  warming is the biggest scientific hoax of all time,climateskepti
101,the uk is about to be hit with some global warming and the uk health security agency ominously warns it could have seriously consequences for health news article posted under comments,climateskepti
102,joe dementia global warming is the single most existential threat to humanity we have ever faced including nuclear weapons,climateskepti
103,courtesy of media propagandist nbc its interesting to read what scientists were predicting via their models almost ten years ago about extreme snowfalls news article from  posted under comments,climateskepti
104,great tits could be wiped out by climate change in the near future,climateskepti
105,ununcdimittis a regular and particularly obnoxious lowiq childish troll has a message for the sub,climateskepti
106,has anyone else noticed the strange colour of the evening skies both images are east facing at approximately  the horizon has an abnormal almost dirty looking haze it has been like this for months now and i dont ever recall this being so prominent especially over winter months,climateskepti
107,war is peace freedom is slavery wrong is right,climateskepti
108,still relevant,climateskepti
109,new study  fertilization drives the  global greening trendgreening leads to cooling,climateskepti
110,cobalt red review the human price of cobalt,climateskepti
111,its not an ev how dare he,climateskepti
112,how did those ukcp sea level projections work out,climateskepti
113,the last time the globe warmed,climateskepti
114,check out bill nye the science guys new moves,climateskepti
115,dangerous fungi are spreading across us as temperatures rise,climateskepti
116,temperature in antarctica over  years as measured by weather stations on the ground where is the global warming,climateskepti
117,global temperatures fall below  baseline now down c from  peak,climateskepti
118,,climateskepti
119,,climateskepti
120,how new zealand plans to tackle climate change taxing cow burps,climateskepti
121,german drives tesla  kilometers to poland never again electric car makes no sense,climateskepti
122,natural gas is the unsung hero of the energy crisis created by russias bloody war lng in greece is the source of saving europe from a cold winter,climateskepti
123,asking whether environmentalists want to cull the human population has interesting results,climateskepti
124,when your fraudulent scam is unravelling and people arent buying it theres only one thing for it resort to unhinged hyperbolic nonsense,climateskepti
125,climate change is a medical emergency ,climateskepti
126,are chemtrails part of the experiments done by climate alarmists,climateskepti
127,worlds biggest climate change profiter claims he will get brain chip himself,climateskepti
128,why no more snow,climateskepti
129,,climateskepti
130,its their blueprint for the world,climateskepti
131,an experiment to test greenhouse gas theory,climateskepti
132,watch our video where we talk about paul ehrlichs failed climate change doomsday prediction,climateskepti
133,can a moderator ban me from this subreddit so i dont have to see posts from this community anymore,climateskepti
134,reverse greenhouse theory  the absurdity of  as ghg,climateskepti
135,the climate alarmists are deeply disturbed people ,climateskepti
136,the definition of schizophrenia,climateskepti
137,who needs actual data not the met office,climateskepti
138,,climateskepti
139,climate scientists baffled as to why antarctica has not warmed in  years despite rising  levels,climateskepti
140,just got banned from rclimatechange for a post that pointed out i had seen  responses with positive outlooks removed after it was liked a few times reasoning being i was deliberately spreading misinformation,climateskepti
141,us food supply once again under attack as fire rips through egg farm killing  hens who could be responsible for all these food factory fires i wonder ve vill make you eat ze bugs no matter vot report under comments,climateskepti
142,electrify everything but without copper,climateskepti
143,little wonder so many of our children have a nihilistic view of life and have become riddled with ecoanxiety when you see this kind of sordid nonsense being promoted throughout msm cnn report under comments,climateskepti
144,we are greening ourselves to extinction  opinions  al jazeera,climateskepti
145,sex workers charge  per night in davos,climateskepti
146,which of these levels of  in the atmosphere sounds better than the others,climateskepti
147,german greens the worlds most hypocritical party,climateskepti
148, years later do we regret moving away from coal,climateskepti
149,james hansen warming expert  we have a very brief window of opportunity to deal with climate changeno longer than a decade at the most lol msnbc news report posted under comments,climateskepti
150,stuck on stupid amp insanity at davos  hiroshima bombsday from fossil fuels cause oceans to boil,climateskepti
151,where is the  coming from,climateskepti
152,the idiocy of wind power  yes the wind is free power on the other hand is never free,climateskepti
153,plumbers thick white male image could derail uk net zero ambitions,climateskepti
154,just replace covid with climate and this article reads the same,climateskepti
155,hypocrite word origin ipocrisie  the sin of pretending to virtue or goodness ypocrite  false pretender to virtue or religion hypokrites  stage actor pretender,climateskepti
156,globally  had the  weakest hurricanes in the satellite era ,climateskepti
157,for the archives,climateskepti
158,observation removing water vapor greenhouse gas leads to warmingadding it leads to cooling,climateskepti
159,replacing us coal plants with solar and wind is cheaper than running them,climateskepti
160,time  droughts famines record rains floods chilly spells dry spells unpredictable weather patternsall blamed on global cooling  years later rinse repeat and blame everything on global warming climatescam,climateskepti
161,first they lied about the range,climateskepti
162,arctic sea ice part ,climateskepti
163,geologists turn in antiscience barrel,climateskepti
164,what climate change actually is,climateskepti
165,a bit of a moral hazard dont you think,climateskepti
166,,climateskepti
167,timeline catastrophic climate change calamities,climateskepti
168,climate alarmists greatest fear,climateskepti
169,scientists are bringing back the wooly mammoth to prevent climate change,climateskepti
170,tom nelson why you should be a climate skeptic,climateskepti
171,fact check claims of the  historic texas drought being due to climate change,climateskepti
172,housing activists clash with environmentalists,climateskepti
173,unprecedented again,climateskepti
174,neil oliver nothing less than our way of life is under threat now a population distracted by propaganda about one existential threat after another  pandemics nuclear war climate crisis  is being herded into an unrecognisable future video under comments,climateskepti
175,dont surround yourself with one narrative on the issue,climateskepti
176,guardian google isnt trying hard enough to demonetize climate deniers,climateskepti
177,algeria sees rare snowfall  afghans now confirmed to have frozentodeath in coldest winter on record benchmarks busted in us amp alltime records continue to fall across japan,climateskepti
178,people who know ,climateskepti
179,bug king hopper value meal available now bugger ze rest bug king iz best,climateskepti
180,no exxon was wrong on warming and didnt know anything,climateskepti
181,measurements show cloud effects are real far stronger than effects of greenhouse gases,climateskepti
182,and still the people didnt see,climateskepti
183,carl sagan on the importance of free speech and skepticism,climateskepti
184,if you still think democracy exists youre living in dreamland this along with many other things will be forced on us whether we like it not report under comments,climateskepti
185,ap falsely fact checks milloys  millionview tweet about  years of no warming,climateskepti
186,,climateskepti
187,the world deserves a complete scientific exposure of michael mann and his ilk,climateskepti
188,the one wef speech almost no one mentioned in the west,climateskepti
189,,climateskepti
190,why are there so many different views on global warming,climateskepti
191,,climateskepti
192,former spokesperson for extinction rebellion turns on group now rejects climate doomsday climate activism has a cult problemi used to be one of them  i watched people brainwashed,climateskepti
193,why is antarcticas climate considered global but arctic siberias is not,climateskepti
194,wonder why this is not on google,climateskepti
195,worried about inflation and the costofliving crisis anxious about our healthcare crisis the crisis in ukraine potential war with china losing sleep over the climate crisis suffering ecoanxiety no worries just take one of our new pills and youll be as right as rain ordo ab chao,climateskepti
196,its the sun not us how global warbling green ideology have hijacked science global warming lecture derived from brilliant new book  hr link in comments,climateskepti
197,spate of dead whales sparking concerns about placement of offshore wind farms,climateskepti
198,no global warming for  years and  months per nasa satellite data thats no warming despite  billion tons of  emissions  warming is the biggest scientific hoax of all time,climateskeptics
199,the uk is about to be hit with some global warming and the uk health security agency ominously warns it could have seriously consequences for health news article posted under comments,climateskeptics
200,joe dementia global warming is the single most existential threat to humanity we have ever faced including nuclear weapons,climateskeptics
201,courtesy of media propagandist nbc its interesting to read what scientists were predicting via their models almost ten years ago about extreme snowfalls news article from  posted under comments,climateskeptics
202,great tits could be wiped out by climate change in the near future,climateskeptics
203,ununcdimittis a regular and particularly obnoxious lowiq childish troll has a message for the sub,climateskeptics
204,has anyone else noticed the strange colour of the evening skies both images are east facing at approximately  the horizon has an abnormal almost dirty looking haze it has been like this for months now and i dont ever recall this being so prominent especially over winter months,climateskeptics
205,war is peace freedom is slavery wrong is right,climateskeptics
206,still relevant,climateskeptics
207,new study  fertilization drives the  global greening trendgreening leads to cooling,climateskeptics
208,cobalt red review the human price of cobalt,climateskeptics
209,its not an ev how dare he,climateskeptics
210,how did those ukcp sea level projections work out,climateskeptics
211,the last time the globe warmed,climateskeptics
212,check out bill nye the science guys new moves,climateskeptics
213,dangerous fungi are spreading across us as temperatures rise,climateskeptics
214,temperature in antarctica over  years as measured by weather stations on the ground where is the global warming,climateskeptics
215,global temperatures fall below  baseline now down c from  peak,climateskeptics
216,,climateskeptics
217,,climateskeptics
218,how new zealand plans to tackle climate change taxing cow burps,climateskeptics
219,german drives tesla  kilometers to poland never again electric car makes no sense,climateskeptics
220,natural gas is the unsung hero of the energy crisis created by russias bloody war lng in greece is the source of saving europe from a cold winter,climateskeptics
221,asking whether environmentalists want to cull the human population has interesting results,climateskeptics
222,when your fraudulent scam is unravelling and people arent buying it theres only one thing for it resort to unhinged hyperbolic nonsense,climateskeptics
223,climate change is a medical emergency ,climateskeptics
224,are chemtrails part of the experiments done by climate alarmists,climateskeptics
225,worlds biggest climate change profiter claims he will get brain chip himself,climateskeptics
226,why no more snow,climateskeptics
227,,climateskeptics
228,its their blueprint for the world,climateskeptics
229,an experiment to test greenhouse gas theory,climateskeptics
230,watch our video where we talk about paul ehrlichs failed climate change doomsday prediction,climateskeptics
231,can a moderator ban me from this subreddit so i dont have to see posts from this community anymore,climateskeptics
232,reverse greenhouse theory  the absurdity of  as ghg,climateskeptics
233,the climate alarmists are deeply disturbed people ,climateskeptics
234,the definition of schizophrenia,climateskeptics
235,who needs actual data not the met office,climateskeptics
236,,climateskeptics
237,climate scientists baffled as to why antarctica has not warmed in  years despite rising  levels,climateskeptics
238,just got banned from rclimatechange for a post that pointed out i had seen  responses with positive outlooks removed after it was liked a few times reasoning being i was deliberately spreading misinformation,climateskeptics
239,us food supply once again under attack as fire rips through egg farm killing  hens who could be responsible for all these food factory fires i wonder ve vill make you eat ze bugs no matter vot report under comments,climateskeptics
240,electrify everything but without copper,climateskeptics
241,little wonder so many of our children have a nihilistic view of life and have become riddled with ecoanxiety when you see this kind of sordid nonsense being promoted throughout msm cnn report under comments,climateskeptics
242,we are greening ourselves to extinction  opinions  al jazeera,climateskeptics
243,sex workers charge  per night in davos,climateskeptics
244,which of these levels of  in the atmosphere sounds better than the others,climateskeptics
245,german greens the worlds most hypocritical party,climateskeptics
246, years later do we regret moving away from coal,climateskeptics
247,james hansen warming expert  we have a very brief window of opportunity to deal with climate changeno longer than a decade at the most lol msnbc news report posted under comments,climateskeptics
248,stuck on stupid amp insanity at davos  hiroshima bombsday from fossil fuels cause oceans to boil,climateskeptics
249,where is the  coming from,climateskeptics
250,the idiocy of wind power  yes the wind is free power on the other hand is never free,climateskeptics
251,plumbers thick white male image could derail uk net zero ambitions,climateskeptics
252,just replace covid with climate and this article reads the same,climateskeptics
253,hypocrite word origin ipocrisie  the sin of pretending to virtue or goodness ypocrite  false pretender to virtue or religion hypokrites  stage actor pretender,climateskeptics
254,globally  had the  weakest hurricanes in the satellite era ,climateskeptics
255,for the archives,climateskeptics
256,observation removing water vapor greenhouse gas leads to warmingadding it leads to cooling,climateskeptics
257,replacing us coal plants with solar and wind is cheaper than running them,climateskeptics
258,time  droughts famines record rains floods chilly spells dry spells unpredictable weather patternsall blamed on global cooling  years later rinse repeat and blame everything on global warming climatescam,climateskeptics
259,first they lied about the range,climateskeptics
260,arctic sea ice part ,climateskeptics
261,geologists turn in antiscience barrel,climateskeptics
262,what climate change actually is,climateskeptics
263,a bit of a moral hazard dont you think,climateskeptics
264,,climateskeptics
265,timeline catastrophic climate change calamities,climateskeptics
266,climate alarmists greatest fear,climateskeptics
267,scientists are bringing back the wooly mammoth to prevent climate change,climateskeptics
268,tom nelson why you should be a climate skeptic,climateskeptics
269,fact check claims of the  historic texas drought being due to climate change,climateskeptics
270,housing activists clash with environmentalists,climateskeptics
271,unprecedented again,climateskeptics
272,neil oliver nothing less than our way of life is under threat now a population distracted by propaganda about one existential threat after another  pandemics nuclear war climate crisis  is being herded into an unrecognisable future video under comments,climateskeptics
273,dont surround yourself with one narrative on the issue,climateskeptics
274,guardian google isnt trying hard enough to demonetize climate deniers,climateskeptics
275,algeria sees rare snowfall  afghans now confirmed to have frozentodeath in coldest winter on record benchmarks busted in us amp alltime records continue to fall across japan,climateskeptics
276,people who know ,climateskeptics
277,bug king hopper value meal available now bugger ze rest bug king iz best,climateskeptics
278,no exxon was wrong on warming and didnt know anything,climateskeptics
279,measurements show cloud effects are real far stronger than effects of greenhouse gases,climateskeptics
280,and still the people didnt see,climateskeptics
281,carl sagan on the importance of free speech and skepticism,climateskeptics
282,if you still think democracy exists youre living in dreamland this along with many other things will be forced on us whether we like it not report under comments,climateskeptics
283,ap falsely fact checks milloys  millionview tweet about  years of no warming,climateskeptics
284,,climateskeptics
285,the world deserves a complete scientific exposure of michael mann and his ilk,climateskeptics
286,the one wef speech almost no one mentioned in the west,climateskeptics
287,,climateskeptics
288,why are there so many different views on global warming,climateskeptics
289,,climateskeptics
290,former spokesperson for extinction rebellion turns on group now rejects climate doomsday climate activism has a cult problemi used to be one of them  i watched people brainwashed,climateskeptics
291,why is antarcticas climate considered global but arctic siberias is not,climateskeptics
292,wonder why this is not on google,climateskeptics
293,worried about inflation and the costofliving crisis anxious about our healthcare crisis the crisis in ukraine potential war with china losing sleep over the climate crisis suffering ecoanxiety no worries just take one of our new pills and youll be as right as rain ordo ab chao,climateskeptics
294,its the sun not us how global warbling green ideology have hijacked science global warming lecture derived from brilliant new book  hr link in comments,climateskeptics
295,spate of dead whales sparking concerns about placement of offshore wind farms,climateskeptics
296,how to get involved with a local group to create the political will for climate action,climate
297,new york investors snapping up colorado river water rights betting big on an increasingly scarce resource,climate
298,the biden administration has been very good for big oil despite climate legislation passed by democrats last year oil companies are securing loads of drilling deals and posting huge profits,climate
299,rich people are boiling the planet whats one thing wealthy people of all nationalities have in common far higher emissions than the poorer people in their country,climate
300,climate change and a population boom could dry up the great salt lake in  years,climate
301,paradigm shift needed to halt and reverse biodiversity loss,climate
302,my understanding is classical economics adam smith etc used  production factors land labour and capital neoclassical does not use land since land includes the environment they have trouble predicting climate change effects globalcarbonfeeanddividendpetition,climate
303,partly due to climate change wildfires have grown in scope intensity and frequency as rising temperatures and drought heighten fire conditions around the world globalcarbonfeeanddividendpetition,climate
304,with soaring gas prices due to the ukraine war and the eus push to cut emissions european industries are increasingly switching to hightemperature highefficiency heat pumps combined with the boom in residential use the eu is now hoping for a heat pump revolution,climate
305,the man in charge of how the us spends  to shift away from fossil fuels the department of energys loan programs office was essentially dormant says jigar shah its head  but now its ready to bankroll clean energy projects,climate
306,should we start preparing for the evacuation of miami,climate
307,global warming in the pipeline  arxiv paper from james hansen et al,climate
308,worlds biggest investment fund warns directors to tackle climate crisis or face sack  sovereign wealth funds,climate
309,we always knew the big applications would be renewables and solar but it took a lot longer for the market to develop than we expected  maria skyllaskazacos university of new south wales globalcarbonfeeanddividendpetition,climate
310,climate movement ready to kill dirty deal again as manchin signals revival,climate
311,nordhaus an economist and winner of the  nobel prize stated that  of the economy would be unaffected by climate change the scary thing is many others follow his ideology influential people who publish falsities and have sway in policymaking are leading us to the end of human civilization,climate
312,the dominant cause of increasing damages in recent years is thought to be an increase in wealth and exposure  more people with more stuff in vulnerable areas globalcarbonfeeanddividendpetition,climate
313,alaska lawmakers up pressure on biden to approve massive oil project,climate
314,how to get government aid to ditch fossil fuels  americans can get tax credits to go electric but only if they have cash upfront other countries have programs too,climate
315,energy experts share how the us can reach bidens renewable energy goals,climate
316,the gas industry is under fire its hiring democratic politicians to help gas companies have enlisted prominent democrats to convince liberal voters that the fuel is climatefriendly documents show,climate
317,minnesotas  carbonfree energy bill advances to gov walz for signature,climate
318,uae oil company employees given roles in office hosting   at least  officials at body hosting  appear to have come straight from fossil fuel industry,climate
319,an el nino is forecast for  how much coral will bleach this time,climate
320,ef schumacher said decisionmaking should be as decentralized as possible will a government bureaucracy do as good a job at spending on alternative energy as simply giving people money globalcarbonfeeanddividendpetition,climate
321,american prospect geothermal drinks gass milkshake,climate
322,fearmongering over footballs  the fossil fuel industry says footballs couldnt exist without oil its a lie designed to prevent us from imagining a more sustainable world,climate
323,revealing the transformative potential article  of paris agreement,climate
324,should rich countries pay climate reparations the pacific island nation of vanuatu a country on the frontlines of climate change has a plan to help answer that question,climate
325, deaths reported from texas ice storm outages top ,climate
326,china invests  billion in clean energy far surpassing the us,climate
327,shells lack of ambition is maddening its time to speed up transition to renewables  nils pratley,climate
328,tap environment supercharging green public power,climate
329,europes big players should copy joe bidens green deal  not revert to old ways  lorenzo marsili,climate
330,air pollution worsens in a warmer world due to increasing natural aerosol concentration,climate
331,how to become human compost and other ways to be environmentallyfriendly postmortem,climate
332,rich nations pledged to pay for climate damages wheres the money many agree that developing nations need help to cope with a warmer world some call the current effort a placebo,climate
333,climate science is a victim of gaslighting,climate
334,novelist tom bullough on his xr arrest  and what welsh saints can teach us about the climate crisis  books,climate
335,a quick lesson about astroturfing and how the fossil fuel industry does its scammy business,climate
336,climate scientist responds to the son of lobster  the main climateball zombie is conflating a single proxy i suppose its vostok with the earths geological temperatures,climate
337,boeing retires the  as nasa invests in sustainable aircraft design,climate
338,this is greenwashing shell accused of overstating renewable energy spending  nonprofit group global witness urges us regulator to investigate oil giant and potentially impose fines over apparent mislabeling,climate
339,brown gold the great american manure rush begins  the energy industry is turning waste from dairy farms into renewable natural gas  but will it actually reduce emissions,climate
340,jordan petersons zombie climate contrarianism follows a wellworn path  graham readfearn,climate
341,wind and solar are the kinds of technologies that tend to have predictable costs and finish on time the key is modularity globalfeeanddividendpetition,climate
342,what the heck is carbon capture the pollutioncutting technology thats got canada investing billions,climate
343,true contrarians  in which i show two ways to be a contrarian one good custom hybrid electric logging trucks one less so stock picking infomercial hidden behind a great reset conspiracy,climate
344,direct seawater electrolysis by adjusting the local reaction environment of a catalyst,climate
345,senator tommy tuberville sucking up to the fossil fuel industry as hard as he can,climate
346,football and the climate crisis does the game really want to tackle it  soccer,climate
347,keeping global warming below  degrees celsius  the limit set in the paris agreement  is implausible for social reasons not technical ones according to the hamburg climate outlook,climate
348,exxon vaults to record annual profit of  billion,climate
349,climate change and its effect on animal attacks on humans,climate
350,rather die in jail than a nursing home climate activists show stiff resolve as they face queensland court  australian police and policing,climate
351,forget fast fashion this challenge encourages upcycling and mending old clothes to create new trends,climate
352,a new report by the world inequality lab shows carbon inequalities within countries now appear to be greater than carbon in equalities between countries,climate
353,investor group bans carbon removal from  reduction plans,climate
354,states file duelling colorado river plans as water resources rapidly dwindle  water,climate
355,concerns about golden eagles are partly prompting the redesign of a scottish wind farm,climate
356,weve mined about  million tonnes of copper so far well need another  million tonnes in the next  years to meet climate targets its not a question of reserves its a question of environmental and social harm globalcarbonfeeanddividendpetition,climate
357, degrees was never the end of the world the most famous climate goal is woefully misunderstood,climate
358,biden to signal alaska oil project support defying greens,climate
359,will steffen fought passionately for our planet to honour him we must follow his lead  penny sackett,climate
360,biden is touting giant evs are they actually good for the planet the electric hummers carbon emissions record is mixed to say the least,climate
361,us emissions of the worlds most potent greenhouse gas are  percent higher than epa estimates  electric utilities are likely responsible for the nations higher than expected emissions of  a greenhouse gas  times worse for the climate than carbon dioxide,climate
362,theres a deal to save the colorado river  if california doesnt blow it up,climate
363,biden team gives nod to huge alaska oil project setting up climate fight environmental assessment says conocophillipss willow can go forward on alaskas north slope but recommends smaller footprint for project,climate
364,planting more trees in cities could cut deaths from summer heat says study  access to green space,climate
365,saudi aramco backs brooklynbased startup turning ammonia into fuel,climate
366,nitrogen released by gaspowered machines causes dry soil to let go of carbon and release it back into the atmosphere where it can contribute to climate change,climate
367,hamburg climate futures outlook the plausibility of a c limit to global warming  social drivers and physical processes,climate
368,eu unveils green industry plan to counter us spending spree,climate
369,global elite produce almost half greenhouse emissions un says,climate
370,microplastics are filling the skies will they affect the climate,climate
371,administration expected to endorse limited drilling in alaska project  an environmental review expected soon would effectively signal that the willow project proceed according to people familiar with the report,climate
372,colorado river deadline passes with no deal on voluntary water cuts,climate
373,the amount of milk produced daily by us cows by year,climate
374,is joe manchin a radical urbanist the democratic senator claims to be worried about electric vehicles relying on foreign lithium the best way to fix that would be walkable cities and great public transit,climate
375,claims that ipcc is minimizing or underestimatong climate change should be banned on this sub these claims are being spread by people who aim to sow distrust in ipcc and mainstream climate science,climate
376,want clean energy fast streamlining environmental reviews could have the opposite effect,climate
377,limiting global warming to  degrees is not plausible says study,climate
378,let them eat lentils wont save us from animal farming  we must embrace meat substitutes  george monbiot,climate
379,is climate change affecting the polar vortex some researchers link disruptions to the polar vortex to climate change while others attribute them to natural variability,climate
380,visualizing the scale of global fossil fuel production,climate
381,congress biggest fight over climate its the farm bill,climate
382,california must provide more funding to address climate change  governors proposed cuts are shortsighted as costs of climate disaster recovery continue to rise,climate
383,more than  scientists on thursday released a letter declaring that they are appalled by the recent retaliation against colleagues who dared to exercise their civil and human rights with a peaceful protest at a december conference in chicago,climate
384,number of car owners in world is much less than you might think,climate
385,a climate book and documentary reviewhow to be a climate optimist amp eating our way to extinction,climate
386,california could force large corporations to disclose carbon emissions under new bill,climate
387,formulas and equations to help calculating the change in climate,climate
388,foreign agents meet the russian activists risking their freedom for the climate,climate
389,exxon mobils average profit from  is ,climate
390,in a warming world californias trees keep dying  that could doom the states plan to fight climate change with the help of nature,climate
391,the shift to renewable energy is speeding up heres how,climate
392,ai is predicting the world is likely to hit a key warming threshold in  years,climate
393,florida republicans support offshore oil drilling  just not off their own coast,climate
394,melting alaska wants to drill more oil  the biden administration has a big call to make on the ludicrous willow project,climate
