,Publication,Title,Date,Label
0,NPR,energi expert share how the us can reach biden renew energi goal,"Thu, 02 Feb 2023 23:00:50 GMT",renewable_energy
1,MIT Technology Review,bust three myth about materi and renew energi,"Thu, 02 Feb 2023 11:00:00 GMT",renewable_energy
2,Engadget,research can now pull hydrogen directli from seawat no filter requir,"Fri, 03 Feb 2023 21:40:54 GMT",renewable_energy
3,Quartz,shell invest time more in buyback than renew in,"Fri, 03 Feb 2023 21:47:00 GMT",renewable_energy
4,KARE11.com,minnesota senat pass percent by bill,"Fri, 03 Feb 2023 12:24:01 GMT",renewable_energy
5,Nature.com,could solar panel in space suppli earth with clean energi,"Wed, 01 Feb 2023 18:02:56 GMT",renewable_energy
6,Fox News,mexico plan to acceler it push toward renew energi as global energi cost rise,"Fri, 03 Feb 2023 14:55:00 GMT",renewable_energy
7,Reuters,mexico look to giant solar park in the desert to assuag carbon concern,"Thu, 02 Feb 2023 22:03:00 GMT",renewable_energy
8,Santa Barbara Independent,citi of santa barbara updat deal with tesla for renew energi storag,"Thu, 02 Feb 2023 22:30:14 GMT",renewable_energy
9,CNBC,greenwash is a good thing accord to one renew energi tycoon,"Thu, 02 Feb 2023 06:49:13 GMT",renewable_energy
10,The New York Times,the shift to renew energi is speed up here how,"Tue, 31 Jan 2023 16:14:27 GMT",renewable_energy
11,InvestorPlace,the most undervalu renew energi stock for your februari buy list,"Fri, 03 Feb 2023 03:04:03 GMT",renewable_energy
12,ETF Trends,renew energi wa the main suppli of eu electr in,"Fri, 03 Feb 2023 18:37:48 GMT",renewable_energy
13,UCF,new green storag system offer renew energi on,"Fri, 03 Feb 2023 15:36:39 GMT",renewable_energy
14,ETF Trends,nbct hold nextera energi to doubl renew energi portfolio,"Thu, 02 Feb 2023 20:36:16 GMT",renewable_energy
15,Environment America,renew energi and conserv is there an eleph in the,"Fri, 03 Feb 2023 19:49:10 GMT",renewable_energy
16,About Amazon,amazon set a new record for the most renew energi,"Tue, 31 Jan 2023 11:06:14 GMT",renewable_energy
17,GreenBiz,mcdonald new strategi to bring renew energi to it suppli chain,"Thu, 02 Feb 2023 16:25:35 GMT",renewable_energy
18,NU PropertyCasualty360,renew energi growth usher in new insur need,"Fri, 03 Feb 2023 14:22:39 GMT",renewable_energy
19,TriplePundit,will coal,"Fri, 03 Feb 2023 08:05:58 GMT",renewable_energy
20,Reuters,petrona set to buy wirsol australian renew energi asset,"Fri, 03 Feb 2023 17:36:00 GMT",renewable_energy
21,Norfolk Daily News,renew energi site guidelin offer tool for local offici,"Fri, 03 Feb 2023 15:53:00 GMT",renewable_energy
22,Environment America,environ america announc new push for state,"Thu, 02 Feb 2023 16:16:45 GMT",renewable_energy
23,Utility Dive,gov hochul propos allow new york power author to build,"Thu, 02 Feb 2023 15:27:47 GMT",renewable_energy
24,MIT Technology Review,ye we have enough materi to power the world with renew energi,"Tue, 31 Jan 2023 11:06:04 GMT",renewable_energy
25,St. Albert Gazette,solar show shine a light on renew energi,"Fri, 03 Feb 2023 21:00:00 GMT",renewable_energy
26,Utility Dive,solar industri group expect some ir guidanc by feb on,"Thu, 02 Feb 2023 19:23:28 GMT",renewable_energy
27,Beaumont Enterprise,entergi texa launch green select renew energi program,"Fri, 03 Feb 2023 19:28:45 GMT",renewable_energy
28,Yahoo Finance,europ is no longer the epicent of clean energi invest,"Wed, 01 Feb 2023 23:00:00 GMT",renewable_energy
29,Farm Progress,turn to renew energi to dri grain,"Fri, 03 Feb 2023 17:31:36 GMT",renewable_energy
30,Reuters,eu ukrain plan cooper on renew energi hydrogen,"Tue, 31 Jan 2023 15:29:00 GMT",renewable_energy
31,CleanTechnica,clean energi to commun program launch by depart of energi,"Thu, 02 Feb 2023 22:08:29 GMT",renewable_energy
32,reNEWS,edf renew sign ppa for texa solar farm,"Fri, 03 Feb 2023 09:15:22 GMT",renewable_energy
33,KTVZ,transmiss line often ignor but key to northwest renew,"Fri, 03 Feb 2023 05:56:30 GMT",renewable_energy
34,Solar Industry,emerson debut ovat green singl,"Thu, 02 Feb 2023 15:42:10 GMT",renewable_energy
35,European Commission,heat and cool from renew gradual increas,"Fri, 03 Feb 2023 10:01:44 GMT",renewable_energy
36,Vox.com,renew are grow on the texa power grid republican want more natur ga,"Mon, 30 Jan 2023 18:10:00 GMT",renewable_energy
37,JD Supra,renew energi updat,"Thu, 02 Feb 2023 20:26:15 GMT",renewable_energy
38,Maine Public,renew energi corridor to northern main clear hurdl with ok,"Tue, 31 Jan 2023 18:05:00 GMT",renewable_energy
39,Fast Company,scientist want to turn abandon coal mine into energi storag facil,"Fri, 03 Feb 2023 09:00:00 GMT",renewable_energy
40,chinadialogue,ghana renew push,"Fri, 03 Feb 2023 15:56:49 GMT",renewable_energy
41,Duke Energy News Center,duke energi to help custom go renew,"Tue, 31 Jan 2023 13:29:43 GMT",renewable_energy
42,Law360,renew energi investor approv share buyback,"Fri, 03 Feb 2023 13:18:00 GMT",renewable_energy
43,ReliefWeb,leverag climat financ to bring renew energi to un,"Thu, 02 Feb 2023 18:40:30 GMT",renewable_energy
44,NBC News,puerto rico face a critic time to determin it energi futur,"Fri, 03 Feb 2023 14:07:44 GMT",renewable_energy
45,Noozhawk,rainstorm swell water suppli spark clean renew energi use,"Fri, 03 Feb 2023 01:20:00 GMT",renewable_energy
46,Local 22/44 News,burlington electr oppos tighten clean energi standard,"Thu, 02 Feb 2023 04:33:55 GMT",renewable_energy
47,Earthjustice,earthjustic and seia challeng grid oper rule that restrict,"Tue, 31 Jan 2023 20:11:38 GMT",renewable_energy
48,Mortgage Professional,imperi ridg launch new commerci divis to financ,"Thu, 02 Feb 2023 13:51:53 GMT",renewable_energy
49,Power Technology,ge renew energi secur wind turbin contract from repsol,"Fri, 03 Feb 2023 09:17:26 GMT",renewable_energy
50,World Bank Group,acceler access to renew energi in west africa,"Wed, 01 Feb 2023 01:58:27 GMT",renewable_energy
51,Forbes,renew energi is grow quickli worldwid,"Wed, 18 Jan 2023 08:00:00 GMT",renewable_energy
52,GreenBiz,the renew energi transit is creat a green job boom,"Fri, 20 Jan 2023 08:00:00 GMT",renewable_energy
53,EE Journal,integr renew,"Fri, 03 Feb 2023 14:03:56 GMT",renewable_energy
54,Foreign Policy,norway is plan to profit from climat chang,"Tue, 31 Jan 2023 16:57:21 GMT",renewable_energy
55,NPR,puerto rico renew energi by goal includ lot of,"Mon, 23 Jan 2023 08:00:00 GMT",renewable_energy
56,Bulletin of the Atomic Scientists,want clean energi fast streamlin environment review could,"Wed, 01 Feb 2023 11:08:07 GMT",renewable_energy
57,Barron's,bp may cut renew energi spend it stock could catch exxon chevron,"Wed, 01 Feb 2023 14:56:00 GMT",renewable_energy
58,UN News,un chief call for renew energi revolut for a brighter global,"Sat, 14 Jan 2023 08:00:00 GMT",renewable_energy
59,Carbon Brief,media reaction us inflat reduct act and the global clean,"Fri, 03 Feb 2023 14:16:59 GMT",renewable_energy
60,Wisconsin Public Radio,wisconsin util are invest in batteri storag to aid clean,"Fri, 03 Feb 2023 11:00:00 GMT",renewable_energy
61,CBC.ca,propos wind farm could becom renew energi competitor for nsp,"Fri, 03 Feb 2023 18:10:22 GMT",renewable_energy
62,Bloomberg Philanthropies,new africa renew energi manufactur initi will help,"Tue, 17 Jan 2023 12:11:29 GMT",renewable_energy
63,WUFT,energi expert share how the us can reach biden renew,"Thu, 02 Feb 2023 23:39:40 GMT",renewable_energy
64,World Economic Forum,clever way to store renew energi without batteri,"Thu, 26 Jan 2023 15:14:00 GMT",renewable_energy
65,The Guardian,shell actual spend on renew is fraction of what it claim group alleg,"Wed, 01 Feb 2023 17:14:00 GMT",renewable_energy
66,Clean Energy Wire,renew energi leader show mix view on whether germani,"Mon, 30 Jan 2023 11:55:39 GMT",renewable_energy
67,reNEWS,krivaca wind farm secur invest,"Fri, 03 Feb 2023 12:31:39 GMT",renewable_energy
68,Marketscreener.com,cemex suppli lower carbon cement for major renew energi project in europ,"Fri, 03 Feb 2023 13:20:33 GMT",renewable_energy
69,Guardian Nigeria,fg reaffirm renew energi critic to address electr woe,"Fri, 03 Feb 2023 13:21:00 GMT",renewable_energy
70,The Atlanta Journal Constitution,mayor offic reviv atlanta clean energi advisori board,"Fri, 03 Feb 2023 22:26:26 GMT",renewable_energy
71,World Economic Forum,the renew energi transit is creat a green job boom,"Fri, 13 Jan 2023 08:00:00 GMT",renewable_energy
72,IEEFA,india union budget a mix bag for the renew energi sector,"Thu, 02 Feb 2023 08:47:12 GMT",renewable_energy
73,reNEWS,plenitud start product from texa solar farm,"Fri, 03 Feb 2023 09:48:33 GMT",renewable_energy
74,European Commission,electr from renew sourc on the rise,"Fri, 27 Jan 2023 10:04:01 GMT",renewable_energy
75,Utility Dive,new england policymak have the tech and fund for energi,"Fri, 03 Feb 2023 15:07:01 GMT",renewable_energy
76,reNEWS,totalenergi sell stake in renew project,"Fri, 03 Feb 2023 08:13:31 GMT",renewable_energy
77,Environment America,renew energi predict to grow,"Wed, 11 Jan 2023 08:00:00 GMT",renewable_energy
78,90.5 WESA,sen casey visit lehigh valley crayola factori highlight use of,"Tue, 31 Jan 2023 10:31:00 GMT",renewable_energy
79,The Guardian,thi is an era of plenti cheap renew energi but the fossil fuel dinosaur cant admit it,"Fri, 20 Jan 2023 08:00:00 GMT",renewable_energy
80,reNEWS,jbm solar submit roundhil solar farm propos,"Fri, 03 Feb 2023 15:29:45 GMT",renewable_energy
81,InsideClimate News,four big thing to expect in clean energi in,"Thu, 05 Jan 2023 08:00:00 GMT",renewable_energy
82,Forbes,energi predict ira spur clean energi boom electr truck acceler batteri demand surg epa cut power sector pollut,"Mon, 09 Jan 2023 08:00:00 GMT",renewable_energy
83,Al-Monitor,turkey plan to expand renew energi but stick to coal nuclear,"Thu, 02 Feb 2023 12:38:07 GMT",renewable_energy
84,CleanTechnica,anoth year anoth record in denmark renew energi progress,"Sat, 14 Jan 2023 08:00:00 GMT",renewable_energy
85,reNEWS,uk energi group call on chancellor for more clean energi,"Fri, 03 Feb 2023 10:28:17 GMT",renewable_energy
86,ETEnergyWorld,malaysia face inconveni truth on clean energi goal,"Fri, 03 Feb 2023 07:45:00 GMT",renewable_energy
87,The Indian Express,minist mw capac renew energi project instal in punjab,"Thu, 02 Feb 2023 22:06:28 GMT",renewable_energy
88,The Jakarta Post,bewar the risk of foreign capit in renew energi sector,"Thu, 02 Feb 2023 23:56:13 GMT",renewable_energy
89,OilPrice.com,renew energi had a banner year in,"Sun, 08 Jan 2023 08:00:00 GMT",renewable_energy
90,Reuters,india uae close to deal on renew electr grid link indian,"Sun, 15 Jan 2023 08:00:00 GMT",renewable_energy
91,PBS NewsHour,alaska villag effort to go greener help local economi,"Sat, 21 Jan 2023 08:00:00 GMT",renewable_energy
92,Deccan Herald,sitharaman urg industri to set standard in renew energi,"Fri, 03 Feb 2023 02:14:45 GMT",renewable_energy
93,Utility Dive,doe launch updat map tool to optim renew energi,"Thu, 12 Jan 2023 08:00:00 GMT",renewable_energy
94,ABS-CBN News,doe support full foreign ownership for renew energi project,"Fri, 03 Feb 2023 09:56:00 GMT",renewable_energy
95,ITWeb,renew energi attract sa coal miner,"Fri, 03 Feb 2023 09:46:58 GMT",renewable_energy
96,Euronews,which european countri use the most renew energi,"Fri, 20 Jan 2023 08:00:00 GMT",renewable_energy
97,World Economic Forum,the global energi crisi is caus hardship for mani but it also,"Fri, 06 Jan 2023 08:00:00 GMT",renewable_energy
98,EcoWatch,record renew energi gener in australia led to record,"Wed, 25 Jan 2023 08:00:00 GMT",renewable_energy
99,Forbes,russia invas of ukrain trigger renew energi rush say world leader in abu dhabi,"Sun, 15 Jan 2023 08:00:00 GMT",renewable_energy
100,Verizon,verizon surpass gigawatt of project renew energi,"Thu, 12 Jan 2023 08:00:00 GMT",renewable_energy
101,American Public Power Association,peninsula clean energi sign contract expand renew,"Wed, 25 Jan 2023 12:00:00 GMT",renewable_energy
102,Reuters,lula amazon pledg look distant as brazil battl deforest,"Thu, 02 Feb 2023 10:35:00 GMT",deforestation
103,Vox.com,palm oil is actual not that bad for the environ anymor,"Thu, 02 Feb 2023 12:30:00 GMT",deforestation
104,National Geographic,madagascar sacr tree face existenti threat in a chang world,"Fri, 03 Feb 2023 18:21:27 GMT",deforestation
105,The Guardian,deforest pile pressur on south america elus chacoan peccari,"Tue, 31 Jan 2023 09:31:00 GMT",deforestation
106,Al Jazeera English,brazilian amazon deforest up in bolsonaro last month,"Sat, 07 Jan 2023 08:00:00 GMT",deforestation
107,BBC,climat boss carney firm link with deforest,"Fri, 16 Dec 2022 08:00:00 GMT",deforestation
108,Vox.com,food like coffe and beef caus deforest thi eu law could help fix the problem,"Tue, 10 Jan 2023 08:00:00 GMT",deforestation
109,New Scientist,amazon deforest may shrink himalayan snow and antarct ice,"Thu, 05 Jan 2023 08:00:00 GMT",deforestation
110,Grist,indigen territori in the brazilian amazon effect protect forest whi is deforest increas,"Fri, 06 Jan 2023 08:00:00 GMT",deforestation
111,The Guardian,eu ban on deforest,"Thu, 05 Jan 2023 08:00:00 GMT",deforestation
112,Mongabay.com,chang circumst turn sustain commun into,"Wed, 01 Feb 2023 22:59:32 GMT",deforestation
113,Mongabay.com,indigen commun threaten as deforest rise in,"Mon, 30 Jan 2023 17:19:23 GMT",deforestation
114,Down To Earth Magazine,warm beyond border amazon deforest heat up tibet,"Fri, 03 Feb 2023 12:34:34 GMT",deforestation
115,Forbes,how digit and distribut technolog are be use to prevent deforest,"Thu, 26 Jan 2023 09:57:02 GMT",deforestation
116,Ecosystem Marketplace,compani increas ambit to protect biodivers from,"Mon, 30 Jan 2023 20:58:11 GMT",deforestation
117,Science,the driver and impact of amazon forest degrad,"Thu, 26 Jan 2023 23:06:29 GMT",deforestation
118,EARTH.ORG,global deforest in can the world reach the global,"Thu, 02 Feb 2023 00:01:25 GMT",deforestation
119,Mongabay.com,from deforest to restor polici plot path to amazon recoveri,"Fri, 06 Jan 2023 08:00:00 GMT",deforestation
120,Reuters Canada,exclus brazil launch first anti,"Thu, 19 Jan 2023 08:00:00 GMT",deforestation
121,Mongabay.com,deforest out of control in reserv in brazil cattl capit,"Wed, 11 Jan 2023 08:00:00 GMT",deforestation
122,FoodNavigator.com,what doe europ deforest law mean for palm oil rspo,"Wed, 01 Feb 2023 11:27:12 GMT",deforestation
123,WRIC ABC 8News,invas speci to deforest virginia evalu the state of the forest for,"Fri, 27 Jan 2023 12:45:00 GMT",deforestation
124,Eco-Business,is there a case for high forest low deforest carbon credit,"Wed, 01 Feb 2023 05:20:00 GMT",deforestation
125,Reuters,despit their net,"Thu, 05 Jan 2023 08:00:00 GMT",deforestation
126,Green Queen Media,coffe and chocol drive deforest and human right violat can the industri chang,"Wed, 01 Feb 2023 07:04:01 GMT",deforestation
127,Forbes,brazil alreadi ha it best tool against deforest,"Fri, 06 Jan 2023 08:00:00 GMT",deforestation
128,Mongabay.com,venezuela yapacana nation park suffer increas mine,"Wed, 11 Jan 2023 08:00:00 GMT",deforestation
129,chinadialogue,coal extract in indonesia is drive deforest,"Mon, 16 Jan 2023 08:00:00 GMT",deforestation
130,VOA Learning English,brazil presid lula work to stop amazon deforest,"Sun, 29 Jan 2023 21:57:24 GMT",deforestation
131,Carbon Brief,crop januari brazil under lula reaction eu,"Wed, 11 Jan 2023 08:00:00 GMT",deforestation
132,Phys.org,deforest propos eu import ban may fail to protect tropic rainforest and farmer how it should work,"Mon, 09 Jan 2023 08:00:00 GMT",deforestation
133,PRI,investor polici dialogu on deforest ipdd pri web page,"Mon, 16 Jan 2023 08:00:00 GMT",deforestation
134,The Conversation Indonesia,whi queensland is still ground zero for australian deforest,"Fri, 27 Jan 2023 05:45:49 GMT",deforestation
135,Anadolu Agency | English,brazil amazon saw worst deforest level in year in,"Fri, 20 Jan 2023 08:00:00 GMT",deforestation
136,Eco-Business,palm oil buyer compromis no,"Tue, 17 Jan 2023 08:00:00 GMT",deforestation
137,Mighty Earth,sweet noth deforest remain high across ghana cote,"Fri, 13 Jan 2023 08:00:00 GMT",deforestation
138,SGGP News,lam dong provinc discov illeg deforest case in,"Fri, 03 Feb 2023 01:51:02 GMT",deforestation
139,UNEP,faith group help to save disappear forest,"Wed, 11 Jan 2023 08:00:00 GMT",deforestation
140,Verra,technic review of west et al and guizar,"Tue, 31 Jan 2023 05:00:00 GMT",deforestation
141,The Brazilian Report,how brazil can halv amazon deforest in the short term,"Thu, 02 Feb 2023 16:58:21 GMT",deforestation
142,Food Ingredients First,deforest debat indonesia and malaysia clash with,"Wed, 11 Jan 2023 08:00:00 GMT",deforestation
143,The Weather Channel,farm more seawe could help fight food crisi deforest,"Fri, 27 Jan 2023 08:13:08 GMT",deforestation
144,Chatham House,heriberto araujo small farmer can help save the amazon,"Fri, 03 Feb 2023 12:00:00 GMT",deforestation
145,Plant Based News,million tree by,"Thu, 02 Feb 2023 17:06:22 GMT",deforestation
146,ClientEarth,eutr newslett,"Fri, 03 Feb 2023 10:56:50 GMT",deforestation
147,Myjoyonline,commun to be reward for plant tree to reduc carbon,"Fri, 03 Feb 2023 13:10:42 GMT",deforestation
148,WINA AM 1070,brazil author probe amazon tie to capit attack newsradio,"Wed, 01 Feb 2023 19:36:31 GMT",deforestation
149,Centre Daily Times,flagship speci wa devast by deforest now pa expert may bring it back,"Fri, 27 Jan 2023 21:38:32 GMT",deforestation
150,The Guardian,reveal more than of rainforest carbon offset by biggest certifi are worthless analysi show,"Wed, 18 Jan 2023 08:00:00 GMT",deforestation
151,ABC News,germani pledg million for brazil environ amazon,"Mon, 30 Jan 2023 16:40:36 GMT",deforestation
152,CosmeticsDesign-Europe.com,deforest,"Wed, 25 Jan 2023 12:30:34 GMT",deforestation
153,asianews.network,eu green polici a prioriti for asean,"Mon, 30 Jan 2023 03:59:36 GMT",deforestation
154,POLITICO Europe,eu,"Thu, 02 Feb 2023 05:00:00 GMT",deforestation
155,thethirdpole.net,post,"Thu, 02 Feb 2023 03:30:00 GMT",deforestation
156,The Hill,lula and biden face a histor opportun to protect the amazon,"Wed, 01 Feb 2023 21:00:00 GMT",deforestation
157,Nature.com,the post,"Fri, 03 Feb 2023 10:50:12 GMT",deforestation
158,The Star Online,deforest is no longer an issu,"Sat, 14 Jan 2023 08:00:00 GMT",deforestation
159,ConfectioneryNews.com,over of cocoa export from cote divoir untrac new,"Thu, 02 Feb 2023 14:36:38 GMT",deforestation
160,Reuters,brazil say plan green bond sale thi year,"Thu, 26 Jan 2023 08:00:00 GMT",deforestation
161,Guitar World,paul mccartney share previous unreleas jeff beck collabor,"Tue, 31 Jan 2023 11:00:25 GMT",deforestation
162,pnas.org,a pantrop assess of deforest caus by industri,"Mon, 12 Sep 2022 07:00:00 GMT",deforestation
163,Science,disentangl the number behind agricultur,"Fri, 09 Sep 2022 07:00:00 GMT",deforestation
164,Mongabay.com,amazon tallest tree at risk as deforest near,"Wed, 28 Dec 2022 08:00:00 GMT",deforestation
165,Environment America,the eu just took a major step to prevent deforest around the,"Thu, 08 Dec 2022 08:00:00 GMT",deforestation
166,Nature.com,deforest slow last year but not enough to meet climat goal,"Mon, 24 Oct 2022 07:00:00 GMT",deforestation
167,CarbonCredits.com,us to sanction brazil amazon deforest crimin,"Fri, 25 Nov 2022 08:00:00 GMT",deforestation
168,CNBC,deforest in brazilian amazon hit tragic record in,"Wed, 13 Jul 2022 07:00:00 GMT",deforestation
169,Economist Impact,progress on pledg deforest,"Sun, 09 Oct 2022 07:00:00 GMT",deforestation
170,Mongabay.com,deforest is push amazon to point of no return wwf report,"Wed, 09 Nov 2022 08:00:00 GMT",deforestation
171,nasa.gov,deforest follow a road through ucayali,"Mon, 24 Oct 2022 07:00:00 GMT",deforestation
172,Mongabay.com,to be effect zero,"Wed, 30 Nov 2022 08:00:00 GMT",deforestation
173,The Nature Conservancy,landmark eu legisl will make european consumpt,"Tue, 06 Dec 2022 08:00:00 GMT",deforestation
174,Reuters,exclus deforest of brazilian savanna surg some in a,"Tue, 13 Dec 2022 08:00:00 GMT",deforestation
175,GreenBiz,thi past year in deforest,"Tue, 15 Nov 2022 08:00:00 GMT",deforestation
176,Mongabay.com,zero,"Tue, 27 Dec 2022 08:00:00 GMT",deforestation
177,Ropes & Gray LLP,an updat on the eu deforest regul the parliament,"Tue, 15 Nov 2022 08:00:00 GMT",deforestation
178,Greenpeace International,how deforest is push the amazon to a climat tip point,"Fri, 26 Aug 2022 07:00:00 GMT",deforestation
179,CNN,deforest is acceler in brazil as bolsonaro first term end expert say,"Tue, 20 Sep 2022 07:00:00 GMT",deforestation
180,PBS NewsHour,brazil lula pledg big fight against deforest at,"Wed, 16 Nov 2022 08:00:00 GMT",deforestation
181,Reuters,analysi the next amazon congo basin face rise deforest,"Fri, 11 Nov 2022 08:00:00 GMT",deforestation
182,Reuters,deforest of brazilian amazon retreat from,"Wed, 30 Nov 2022 08:00:00 GMT",deforestation
183,The New York Times,deforest remain high despit cop pledg,"Thu, 28 Apr 2022 07:00:00 GMT",deforestation
184,LatestLY,it world neglect tropic diseas day reduc deforest unplan hous,"Mon, 30 Jan 2023 15:15:57 GMT",deforestation
185,Conservation International,news spotlight record deforest could forev transform the,"Mon, 18 Jul 2022 07:00:00 GMT",deforestation
186,Mongabay.com,new app tell donor what commun need to stop deforest,"Mon, 02 Jan 2023 08:00:00 GMT",deforestation
187,Mongabay.com,in final day befor bolsonaro defeat deforest boom in brazil,"Fri, 11 Nov 2022 08:00:00 GMT",deforestation
188,Reuters,norway say fund to reduc amazon deforest in brazil back in,"Tue, 03 Jan 2023 08:00:00 GMT",deforestation
189,PBS NewsHour,brazil lula promis to end deforest face challeng from tradit rubber tapper,"Fri, 23 Dec 2022 08:00:00 GMT",deforestation
190,Reuters,world top financ firm continu to fuel deforest report warn,"Mon, 17 Oct 2022 07:00:00 GMT",deforestation
191,International Monetary Fund,ugandan climat activist fight deforest by plant,"Thu, 10 Nov 2022 08:00:00 GMT",deforestation
192,NPR,brazil elect could determin the fate of the amazon after surg,"Sat, 01 Oct 2022 07:00:00 GMT",deforestation
193,Mongabay.com,deforest acceler in brazil while climat talk were,"Fri, 09 Dec 2022 08:00:00 GMT",deforestation
194,Mongabay.com,ahead of elect deforest increas in brazil,"Fri, 07 Oct 2022 07:00:00 GMT",deforestation
195,Nature.com,deforest intensifi daili temperatur variabl in the northern,"Mon, 10 Oct 2022 07:00:00 GMT",deforestation
196,GreenBiz,a deforest roadmap that leav a lot to be desir,"Thu, 10 Nov 2022 08:00:00 GMT",deforestation
197,EcoWatch,deforest everyth you need to know,"Wed, 12 Oct 2022 07:00:00 GMT",deforestation
198,Nature.com,land tenur drive brazil deforest rate across socio,"Sat, 01 Oct 2022 07:00:00 GMT",deforestation
199,The Manila Times,the valu of insect whi we must act now to protect them,"Thu, 02 Feb 2023 15:58:08 GMT",deforestation
200,Mongabay.com,the amazon will reach tip point if current trend of deforest,"Mon, 03 Oct 2022 07:00:00 GMT",deforestation
201,Carbon Brief,crop novemb deforest pledg food system,"Thu, 24 Nov 2022 08:00:00 GMT",deforestation
202,The Hill,societi isnt chang fast enough to stop climat chang studi,"Wed, 01 Feb 2023 16:44:00 GMT",climate_policy
203,Foreign Policy,norway is plan to profit from climat chang,"Tue, 31 Jan 2023 16:57:21 GMT",climate_policy
204,The Economist,habitat loss and climat chang increas the risk of new diseas,"Tue, 31 Jan 2023 18:03:29 GMT",climate_policy
205,Scientific American,how water final becam a climat chang prioriti,"Tue, 31 Jan 2023 16:00:14 GMT",climate_policy
206,The Conversation,climat chang is transform australia cultur life so whi isnt it mention in the new nation cultur polici,"Wed, 01 Feb 2023 02:55:00 GMT",climate_policy
207,CBS News,coastal resid on climat chang the ocean come for you,"Sun, 08 Jan 2023 08:00:00 GMT",climate_policy
208,BBC,how climat chang threaten to close ski resort,"Wed, 25 Jan 2023 08:00:00 GMT",climate_policy
209,CNBC,powel reiter fed is not go to becom a climat policymak,"Tue, 10 Jan 2023 08:00:00 GMT",climate_policy
210,New Scientist,earth geolog thermostat is too slow to prevent climat chang,"Thu, 26 Jan 2023 18:56:15 GMT",climate_policy
211,The New York Times,opinion im a scientist who spoke up about climat chang my employ fire me,"Tue, 10 Jan 2023 08:00:00 GMT",climate_policy
212,Forbes,here whi climat chang get the spotlight but biodivers doesnt,"Wed, 01 Feb 2023 06:52:19 GMT",climate_policy
213,Brookings Institution,climat chang adapt to a new normal,"Sat, 28 Jan 2023 01:43:57 GMT",climate_policy
214,Center For American Progress,how the offic of climat chang and health equiti can respond,"Mon, 30 Jan 2023 14:06:29 GMT",climate_policy
215,The New York Times,climat chang may bring new era of trade war as eu and us spar,"Wed, 25 Jan 2023 08:00:00 GMT",climate_policy
216,Impakter,how the european central bank new climat polici could,"Fri, 03 Feb 2023 16:02:41 GMT",climate_policy
217,UNM School of Law News,largest greenhous ga emitt overlook in state climat polici,"Fri, 03 Feb 2023 17:04:01 GMT",climate_policy
218,Phys.org,new mexico largest emitt overlook in state climat polici say report,"Wed, 01 Feb 2023 20:28:03 GMT",climate_policy
219,Harvard Crimson,harvard medic school will integr climat chang into md,"Fri, 03 Feb 2023 08:00:00 GMT",climate_policy
220,E-International Relations,climat chang scientif evid and project warm,"Thu, 02 Feb 2023 20:14:56 GMT",climate_policy
221,JD Supra,unit kingdom competit author announc support for,"Fri, 03 Feb 2023 19:06:35 GMT",climate_policy
222,Science Daily,climat chang may cut us forest inventori by a fifth thi centuri,"Thu, 02 Feb 2023 00:43:56 GMT",climate_policy
223,Clyde & Co,nsw epa releas it climat chang polici and climat chang,"Fri, 03 Feb 2023 00:17:47 GMT",climate_policy
224,Euronews,are european citi equip to face the consequ of climat,"Fri, 03 Feb 2023 19:10:59 GMT",climate_policy
225,Nature.com,research on public support for climat polici instrument must,"Thu, 26 Jan 2023 16:05:02 GMT",climate_policy
226,The Revelator,unit state includ dam emiss in un climat report for,"Fri, 03 Feb 2023 13:01:46 GMT",climate_policy
227,California Ag Today,uc anr expand expertis for climat chang econom,"Fri, 03 Feb 2023 17:11:38 GMT",climate_policy
228,The Wall Street Journal,opinion al gore and the end of climat polici,"Fri, 03 Feb 2023 22:06:00 GMT",climate_policy
229,Yale Program on Climate Change Communication,climat chang in the american mind polit polici decemb,"Tue, 31 Jan 2023 12:22:30 GMT",climate_policy
230,GreenBiz,anoth big year for climat polici,"Thu, 05 Jan 2023 08:00:00 GMT",climate_policy
231,Marco News,to know cv to reduc pharmaci hour climat chang news,"Fri, 03 Feb 2023 13:12:57 GMT",climate_policy
232,The Washington Post,meet the group sharpen the gop attack on woke climat polici,"Mon, 30 Jan 2023 14:10:00 GMT",climate_policy
233,Reuters,polici watch europ beef up green deal in respons to biden,"Fri, 03 Feb 2023 16:29:00 GMT",climate_policy
234,ReliefWeb,republ of congo econom updat,"Thu, 02 Feb 2023 21:40:55 GMT",climate_policy
235,The Business Journals,blue planet foundat melissa miyashiro help shape climat,"Thu, 02 Feb 2023 21:47:00 GMT",climate_policy
236,NPR,how our percept of time shape our approach to climat chang,"Wed, 04 Jan 2023 08:00:00 GMT",climate_policy
237,Responsible Investor,sec to prioritis climat chang disclosur sharehold propos,"Wed, 01 Feb 2023 15:17:55 GMT",climate_policy
238,University of Colorado Boulder,whi doe climat polici lag scienc colorado art and scienc,"Thu, 12 Jan 2023 08:00:00 GMT",climate_policy
239,Carnegie Endowment for International Peace,climat chang is now come for the elit,"Wed, 18 Jan 2023 08:00:00 GMT",climate_policy
240,Scientific American,the right word are crucial to solv climat chang,"Tue, 17 Jan 2023 14:00:46 GMT",climate_policy
241,Nature.com,multidimension partisanship shape climat polici support and,"Mon, 09 Jan 2023 08:00:00 GMT",climate_policy
242,Virginia Business Magazine,busi climat chang,"Fri, 03 Feb 2023 18:30:36 GMT",climate_policy
243,PRI,an introduct to respons invest climat chang for asset,"Mon, 29 Jun 2020 07:00:00 GMT",climate_policy
244,ACT Alliance,act and bread for the world publish new studi on human mobil,"Fri, 03 Feb 2023 15:37:38 GMT",climate_policy
245,JD Supra,thi week climat polici updat,"Tue, 10 Jan 2023 08:00:00 GMT",climate_policy
246,Harvard Medical School,connect climat chang and health harvard medic school,"Mon, 09 Jan 2023 08:00:00 GMT",climate_policy
247,Corporate Secretary,chubb and travel aim to exclud climat chang propos,"Thu, 02 Feb 2023 16:36:56 GMT",climate_policy
248,The Guardian,googl let daili wire advertis on climat chang is a hoax search,"Fri, 27 Jan 2023 16:33:00 GMT",climate_policy
249,Assembly of First Nations,afn bulletin,"Fri, 03 Feb 2023 15:16:36 GMT",climate_policy
250,World Economic Forum,what is the eu new bauhau movement for forest,"Tue, 31 Jan 2023 17:24:00 GMT",climate_policy
251,Education Week,student want climat chang educ most teacher dont get,"Tue, 31 Jan 2023 22:01:04 GMT",climate_policy
252,PRI,ipr quarterli forecast tracker,"Wed, 25 Jan 2023 08:00:00 GMT",climate_policy
253,The Hindu,soumya swaminathan nomin to govern council on climat chang,"Fri, 03 Feb 2023 16:24:00 GMT",climate_policy
254,Brookings Institution,methan come front and center in climat chang polici,"Fri, 06 Jan 2023 08:00:00 GMT",climate_policy
255,World Economic Forum,climat chang and the environ top stori thi week world,"Mon, 09 Jan 2023 08:00:00 GMT",climate_policy
256,Atlas Obscura,doe thi silli,"Tue, 31 Jan 2023 22:03:14 GMT",climate_policy
257,World Economic Forum,climat chang is ad to a grow infecti diseas burden,"Wed, 18 Jan 2023 08:00:00 GMT",climate_policy
258,Lexology,climat polici newslett,"Thu, 05 Jan 2023 08:00:00 GMT",climate_policy
259,The Hill,climat chang consum decept lawsuit threaten free speech will the suprem court take note,"Thu, 02 Feb 2023 13:00:00 GMT",climate_policy
260,World Economic Forum,climat chang threaten everyon health here how,"Tue, 17 Jan 2023 08:00:00 GMT",climate_policy
261,The Nation,region cooper on climat chang,"Fri, 03 Feb 2023 20:20:30 GMT",climate_policy
262,World Economic Forum,trade can help us address climat chang four trade minist,"Thu, 19 Jan 2023 08:00:00 GMT",climate_policy
263,Fox News,biden say climat chang is bigger threat to human than nuclear war were go to have a real problem,"Wed, 01 Feb 2023 02:39:00 GMT",climate_policy
264,Austin Chronicle,texa lege look to address flood and drought without say,"Fri, 03 Feb 2023 06:04:02 GMT",climate_policy
265,BBC,exxonmobil oil giant predict climat chang in,"Thu, 12 Jan 2023 08:00:00 GMT",climate_policy
266,Guardian Nigeria,presidenti forum on environ climat chang hold nigeria,"Fri, 03 Feb 2023 13:23:00 GMT",climate_policy
267,House of Lords Library,natur,"Fri, 03 Feb 2023 15:47:23 GMT",climate_policy
268,University of Massachusetts Boston,research explor impact of climat chang through the eye,"Wed, 11 Jan 2023 08:00:00 GMT",climate_policy
269,World Economic Forum,how improv road safeti can help tackl climat chang,"Tue, 10 Jan 2023 08:00:00 GMT",climate_policy
270,Geospatial World,ibm nasa collabor for climat chang research,"Wed, 01 Feb 2023 23:27:48 GMT",climate_policy
271,University of North Carolina at Greensboro,climat chang impact on past societi offer lesson for global,"Mon, 16 Jan 2023 08:00:00 GMT",climate_policy
272,The Round Table,the commonwealth climat chang small state and inequ,"Thu, 02 Feb 2023 13:47:10 GMT",climate_policy
273,Euronews,are european citi equip to face the consequ of climat,"Fri, 03 Feb 2023 19:11:26 GMT",climate_policy
274,The Guardian,three issu will decid if labor climat polici is a success what the govern doe next is key,"Fri, 13 Jan 2023 08:00:00 GMT",climate_policy
275,The Institutional Investors Group on Climate Change,climat chang top wef global risk report iigcc,"Fri, 13 Jan 2023 08:00:00 GMT",climate_policy
276,Schroders,qa how weve engag with european bank over climat chang,"Tue, 31 Jan 2023 12:38:36 GMT",climate_policy
277,Stuff,approach to fund infrastructur need to avoid manag retreat,"Tue, 31 Jan 2023 20:42:00 GMT",climate_policy
278,Inside Housing,not fit for purpos epc rate need reform say climat chang,"Fri, 03 Feb 2023 14:00:00 GMT",climate_policy
279,Stuff,green jame shaw look for cross,"Tue, 31 Jan 2023 16:00:00 GMT",climate_policy
280,Global News,quebec green zeal like to push trudeau govern climat polici,"Sat, 07 Jan 2023 08:00:00 GMT",climate_policy
281,Colorado Department of Public Health and Environment,climat chang depart of public health environ,"Thu, 29 Dec 2022 21:55:46 GMT",climate_policy
282,The White House,fact sheet presid biden announc new initi at,"Fri, 11 Nov 2022 08:00:00 GMT",climate_policy
283,The Harvard Law School Forum on Corporate Governance,how compani are and arent lead on climat polici,"Mon, 12 Dec 2022 08:00:00 GMT",climate_policy
284,Brookings Institution,climat polici curv link polici choic to climat outcom,"Wed, 14 Dec 2022 08:00:00 GMT",climate_policy
285,The White House,fact sheet biden,"Thu, 08 Sep 2022 07:00:00 GMT",climate_policy
286,CalMatters,slash greenhous gase california revis climat chang,"Wed, 16 Nov 2022 08:00:00 GMT",climate_policy
287,OEHHA,report indic of climat chang in california,"Tue, 01 Nov 2022 07:00:00 GMT",climate_policy
288,The White House,fact sheet biden,"Tue, 08 Nov 2022 08:00:00 GMT",climate_policy
289,The White House,fact sheet biden,"Thu, 06 Oct 2022 07:00:00 GMT",climate_policy
290,UNFCCC,climat plan remain insuffici more ambiti action need,"Wed, 26 Oct 2022 07:00:00 GMT",climate_policy
291,Nature.com,the miss risk of climat chang,"Wed, 26 Oct 2022 07:00:00 GMT",climate_policy
292,Forbes,how to reboot climat polici after five model of polici make,"Sun, 04 Dec 2022 08:00:00 GMT",climate_policy
293,NRDC (Natural Resources Defense Council),what are the solut to climat chang,"Tue, 13 Dec 2022 08:00:00 GMT",climate_policy
294,Brookings Institution,us climat polici progress,"Wed, 30 Nov 2022 08:00:00 GMT",climate_policy
295,Columbia | SIPA Center on Global Energy Policy,how the unequ effect of climat chang broke economist,"Thu, 27 Oct 2022 07:00:00 GMT",climate_policy
296,NPR,republican prepar to challeng democrat climat chang effort,"Fri, 30 Dec 2022 08:00:00 GMT",climate_policy
297,Environmental Defense Fund,the biggest thing congress ha ever done to address climat chang,"Fri, 12 Aug 2022 07:00:00 GMT",climate_policy
298,Climate Policy Initiative,global landscap of climat financ a decad of data,"Thu, 27 Oct 2022 07:00:00 GMT",climate_policy
299,CalMatters,california take step to battl climat chang,"Thu, 01 Sep 2022 07:00:00 GMT",climate_policy
300,NPR,kid are increasingli cope with climat chang here their advic,"Thu, 17 Nov 2022 08:00:00 GMT",climate_policy
301,CNBC,young peopl just got a louder voic on climat chang and could soon be shape polici,"Wed, 23 Nov 2022 08:00:00 GMT",climate_policy
302,Express & Star,wolv player will be make chang to their usual kit thi weekend as part of a sustain campaign,"Fri, 03 Feb 2023 16:03:19 GMT",sustainability
303,The New York Times,can fashion week trash problem be solv,"Tue, 31 Jan 2023 20:00:11 GMT",sustainability
304,The Wall Street Journal,how to craft success sustain program,"Fri, 03 Feb 2023 17:17:00 GMT",sustainability
305,The Hill,equilibriumsustain how ad sticker to window can help save bird,"Thu, 02 Feb 2023 22:59:00 GMT",sustainability
306,The Business of Fashion,the multi,"Tue, 31 Jan 2023 14:00:00 GMT",sustainability
307,CoinDesk,makerdao constitut would fund sustain effort with mkr token from reserv emiss,"Fri, 03 Feb 2023 20:14:00 GMT",sustainability
308,Eco-Business,brand pleas stop say sustain is in our dna,"Wed, 01 Feb 2023 06:34:00 GMT",sustainability
309,Liverpool FC,lfc becom first premier leagu club to be sustain certifi,"Thu, 02 Feb 2023 06:07:44 GMT",sustainability
310,Yahoo Finance,makerdao constitut would fund sustain effort with mkr token from reserv emiss,"Fri, 03 Feb 2023 20:14:00 GMT",sustainability
311,AZ Snake Pit,a perspect on sustain of the diamondback,"Tue, 31 Jan 2023 19:00:00 GMT",sustainability
312,aam-us.org,elev sustain effort in museum dine oper,"Fri, 03 Feb 2023 14:06:15 GMT",sustainability
313,Forbes,semiconductor sustain and the potenti of chip to save energi,"Fri, 03 Feb 2023 15:00:00 GMT",sustainability
314,Reuters,exclus blackrock sustain chief bodnar to join bezo earth,"Fri, 03 Feb 2023 15:34:00 GMT",sustainability
315,I by IMD,let be clear esg is not woke and it differ from sustain,"Fri, 03 Feb 2023 08:30:03 GMT",sustainability
316,Colorado State University,sustain help want csu train carbon manag,"Fri, 03 Feb 2023 18:51:03 GMT",sustainability
317,City of Tampa,citi center at hanna project award for sustain resili,"Fri, 03 Feb 2023 13:17:38 GMT",sustainability
318,Packaging World,new sustain innov across categori,"Fri, 03 Feb 2023 22:10:28 GMT",sustainability
319,Supply Chain Dive,sustain still take a backseat to profit for procur team,"Thu, 02 Feb 2023 20:55:22 GMT",sustainability
320,KPLC,sasol announc plan for sustain hub,"Fri, 03 Feb 2023 03:24:00 GMT",sustainability
321,The Enterprisers Project,sustain strategi that help reduc cost,"Fri, 03 Feb 2023 08:02:43 GMT",sustainability
322,Catholic Review of Baltimore,papal farm garden will be home to new center promot,"Fri, 03 Feb 2023 19:35:46 GMT",sustainability
323,Acceleration Economy,how tech modern drive win,"Fri, 03 Feb 2023 14:00:00 GMT",sustainability
324,Floor Focus,state of sustain next stage green demand more of,"Fri, 03 Feb 2023 19:59:12 GMT",sustainability
325,The Drinks Business,new sustain roadmap unveil for centr,"Fri, 03 Feb 2023 13:38:51 GMT",sustainability
326,JD Supra,move made toward a new sustain report system in,"Fri, 03 Feb 2023 19:12:39 GMT",sustainability
327,AdAge.com,corona new beach music festiv tie into it sustain push,"Fri, 03 Feb 2023 16:48:36 GMT",sustainability
328,wolves.co.uk,sustain wolverhampton wander fc,"Fri, 03 Feb 2023 18:43:03 GMT",sustainability
329,PR Newswire,john deer sustain report show progress against,"Wed, 01 Feb 2023 13:00:00 GMT",sustainability
330,Environment + Energy Leader,esg and earn go togeth atkor releas third,"Fri, 03 Feb 2023 12:45:17 GMT",sustainability
331,pnas.org,how to help ukrainian scientist overcom russia invas and,"Fri, 03 Feb 2023 18:55:16 GMT",sustainability
332,Department of Education (.gov),ed invit organ to make school infrastructur and,"Wed, 01 Feb 2023 14:19:27 GMT",sustainability
333,ZDNet,best way to make your gadget use greener and save money too,"Fri, 03 Feb 2023 14:00:17 GMT",sustainability
334,Sustainability Magazine,nick giannakaki,"Fri, 03 Feb 2023 14:56:35 GMT",sustainability
335,The Daily Collegian Online,nasa challeng transform penn state environment,"Fri, 03 Feb 2023 08:00:00 GMT",sustainability
336,Forbes,samsung everyday sustain philosophi embodi in the new galaxi,"Wed, 01 Feb 2023 22:19:08 GMT",sustainability
337,FreightWaves,make last,"Fri, 03 Feb 2023 19:52:33 GMT",sustainability
338,Cornell Chronicle,new sustain tourism program chart cours for travel futur,"Fri, 03 Feb 2023 17:29:41 GMT",sustainability
339,ZDNet,tech for a sustain futur the challeng and opportun ahead,"Fri, 03 Feb 2023 13:58:35 GMT",sustainability
340,Food Business News,studi find sustain label impact red meat consumpt,"Thu, 02 Feb 2023 14:23:46 GMT",sustainability
341,AV Network,qa environment friendli packag part of shure,"Fri, 03 Feb 2023 09:46:16 GMT",sustainability
342,CNBC,sp dow jone is knock adani enterpris off it sustain index,"Fri, 03 Feb 2023 05:23:54 GMT",sustainability
343,Dartmouth News,sustain renov underway at rauner librari,"Fri, 03 Feb 2023 15:09:30 GMT",sustainability
344,RFID Journal,beontag plan new us factori with sustain,"Fri, 03 Feb 2023 12:01:33 GMT",sustainability
345,The Hill,sustain un seek to streamlin air pollut track,"Wed, 01 Feb 2023 23:41:00 GMT",sustainability
346,GreenBiz,sustain product design can help busi identifi new model,"Thu, 02 Feb 2023 11:01:14 GMT",sustainability
347,PR Newswire,entergi recent recogn as sustain leader,"Wed, 01 Feb 2023 15:00:00 GMT",sustainability
348,Yahoo Finance,telu rank highest among north american telecom on corpor knight global most sustain corpor,"Fri, 03 Feb 2023 16:56:00 GMT",sustainability
349,Hendrix College,sustain fiber artist idea to improv our world at the wma,"Tue, 31 Jan 2023 20:04:29 GMT",sustainability
350,The Business Journals,hine new southeast region ceo believ in sustain,"Fri, 03 Feb 2023 18:55:00 GMT",sustainability
351,HRZone,compani need greater sustain align here how hr can help,"Fri, 03 Feb 2023 08:08:02 GMT",sustainability
352,Nature.com,pathway to net,"Mon, 30 Jan 2023 16:06:42 GMT",sustainability
353,Mintz,energi sustain washington updat februari,"Fri, 03 Feb 2023 12:00:00 GMT",sustainability
354,Marketscreener.com,alk abello as annual sustain report,"Fri, 03 Feb 2023 11:26:29 GMT",sustainability
355,Latin Lawyer,ecija launch sustain practic in mexico with hire,"Fri, 03 Feb 2023 11:13:23 GMT",sustainability
356,Thomson Reuters Tax & Accounting,new climat and sustain disclosur rule on track for,"Thu, 26 Jan 2023 15:56:51 GMT",sustainability
357,Hindustan Times,sustain is a key focu area for india at,"Fri, 03 Feb 2023 14:58:30 GMT",sustainability
358,Simple Flying,lufthansa cargo is now fli a boe with shark skin,"Fri, 03 Feb 2023 14:00:00 GMT",sustainability
359,The Washington Post,vegan sustain how to spot greenwash in fashion,"Fri, 27 Jan 2023 14:30:00 GMT",sustainability
360,Mondaq,whistleblow complaint capit on sec interest in,"Fri, 03 Feb 2023 12:17:28 GMT",sustainability
361,ETFdb.com,thi etf may be propel by sustain bond issuanc,"Fri, 03 Feb 2023 13:57:15 GMT",sustainability
362,Chemist+Druggist,lloydsdirect gain sustain certif for goal outsid of profit,"Fri, 03 Feb 2023 13:07:37 GMT",sustainability
363,Pennsylvania State University,attorney alumna to be featur in live session focus on career,"Fri, 03 Feb 2023 14:20:58 GMT",sustainability
364,Pennsylvania State University,librari slow fashion resourc fair explor wearabl,"Wed, 01 Feb 2023 17:51:45 GMT",sustainability
365,Nature.com,reduc global land,"Thu, 26 Jan 2023 16:10:13 GMT",sustainability
366,waste360,northstar recycl acquir sonoco sustain solut,"Thu, 02 Feb 2023 06:15:37 GMT",sustainability
367,Supply Chain Management Review,reach sustain packag prove difficult to achiev,"Fri, 03 Feb 2023 15:19:31 GMT",sustainability
368,Breaking Travel News,klm appoint zita schelleken as svp of sustain strategi,"Fri, 03 Feb 2023 08:42:32 GMT",sustainability
369,AustinTexas.gov,offic of sustain annual highlight,"Tue, 24 Jan 2023 08:00:00 GMT",sustainability
370,Kettering University,sustain,"Fri, 06 Jan 2023 16:48:32 GMT",sustainability
371,Metropolis Magazine,a recent book survey woha commit to sustain,"Thu, 02 Feb 2023 21:40:21 GMT",sustainability
372,ESG Clarity,morningstar ceo on esg polit futur of sustain,"Fri, 03 Feb 2023 21:18:09 GMT",sustainability
373,edie.net,are ceo sidelin environment sustain as rise cost bite,"Mon, 16 Jan 2023 08:00:00 GMT",sustainability
374,Seeking Alpha,evv good in concept but distribut sustain is a big concern,"Thu, 02 Feb 2023 22:22:08 GMT",sustainability
375,GreenBiz,build sustain program from the ground up,"Tue, 17 Jan 2023 08:00:00 GMT",sustainability
376,Nature.com,ecolog unequ exchang driven by eu consumpt,"Thu, 26 Jan 2023 08:00:00 GMT",sustainability
377,Retail TouchPoints,apparel sustain nonprofit seek applic for climat,"Fri, 03 Feb 2023 13:20:00 GMT",sustainability
378,Cornell Chronicle,new ny outcom fund pay farmer to adopt sustain,"Fri, 03 Feb 2023 19:24:02 GMT",sustainability
379,Marketscreener.com,blackrock head of sustain polici and engag,"Fri, 03 Feb 2023 15:29:32 GMT",sustainability
380,EIN News,five upg sustain leader from europ compet for vote to reach hurrican island usa,"Fri, 03 Feb 2023 16:53:00 GMT",sustainability
381,FOX 21 Online,duluth sustain offic receiv minnesota climat,"Thu, 02 Feb 2023 21:18:16 GMT",sustainability
382,Stockholm Environment Institute,sustain assess of urban and peri,"Tue, 31 Jan 2023 18:36:21 GMT",sustainability
383,Ohio University,scienc cafe featur jason trembl explor sustain,"Tue, 31 Jan 2023 09:05:05 GMT",sustainability
384,Waste Dive,westrock note global paper market headwind but tout,"Thu, 02 Feb 2023 16:12:59 GMT",sustainability
385,vmagazine.com,depolar style and sustain operasport autumn winter,"Fri, 03 Feb 2023 19:03:54 GMT",sustainability
386,FoodNavigator-Asia.com,trend tracker contradictori flavour combo top industri,"Fri, 03 Feb 2023 03:01:23 GMT",sustainability
387,The Business Journals,gilead dan oday deliv a clear messag stabil sustain,"Fri, 03 Feb 2023 17:51:00 GMT",sustainability
388,Construction News,remov polit from the sustain equat,"Fri, 03 Feb 2023 06:50:31 GMT",sustainability
389,Insurance News Net,research at swiss reinsur compani ltd releas new,"Thu, 02 Feb 2023 22:57:45 GMT",sustainability
390,Agg-Net,enhanc safeti and sustain for brett vehicl,"Fri, 03 Feb 2023 12:41:20 GMT",sustainability
391,Sustainability Magazine,energi effici is the practic proven path to net zero,"Fri, 03 Feb 2023 10:25:44 GMT",sustainability
392,"East Brunswick, NJ Patch",star student co,"Thu, 02 Feb 2023 18:45:20 GMT",sustainability
393,S&P Global,key sustain trend that will drive decis,"Mon, 16 Jan 2023 08:00:00 GMT",sustainability
394,Sustainability Magazine,gfk help the helper transform,"Fri, 03 Feb 2023 09:39:26 GMT",sustainability
395,Maine Public,cmp parent compani to fund sustain,"Tue, 31 Jan 2023 18:23:00 GMT",sustainability
396,LawInSport,the uefa financi sustain regul evolut or,"Fri, 03 Feb 2023 15:21:54 GMT",sustainability
397,Power Technology,green cloud moot for sustain busi,"Fri, 03 Feb 2023 08:02:40 GMT",sustainability
398,Nature.com,polydimethylsiloxan,"Thu, 26 Jan 2023 16:18:54 GMT",sustainability
399,Taiwan News,rge close inaugur million sustain,"Fri, 03 Feb 2023 06:45:00 GMT",sustainability
400,CalPERS,calper name peter cashion new head of sustain,"Thu, 12 Jan 2023 08:00:00 GMT",sustainability
401,CNET,whi tech compani cant stop talk about sustain,"Mon, 16 Jan 2023 08:00:00 GMT",sustainability
402,NPR,climat chang and a popul boom could dri up the great salt lake in year,"Fri, 03 Feb 2023 10:09:26 GMT",climate
403,Vox.com,anticipatori cash transfer are a neglect climat chang solut,"Fri, 03 Feb 2023 12:00:00 GMT",climate
404,POLITICO,gop take aim at biden climat agenda,"Fri, 03 Feb 2023 22:00:00 GMT",climate
405,The Hill,oversight chair request detail on kerri intern climat negoti,"Thu, 02 Feb 2023 20:39:00 GMT",climate
406,The Atlantic,the most famou climat goal is woefulli misunderstood,"Wed, 01 Feb 2023 12:30:00 GMT",climate
407,The Wall Street Journal,sec consid eas climat,"Fri, 03 Feb 2023 12:30:00 GMT",climate
408,The Washington Post,few sign that rich countri will help poor one with climat fund,"Thu, 02 Feb 2023 14:30:00 GMT",climate
409,The Guardian,jordan peterson zombi climat contrarian follow a well,"Thu, 02 Feb 2023 00:27:00 GMT",climate
410,The New York Times,how the inflat reduct act can save you money a consum guid,"Wed, 01 Feb 2023 10:00:02 GMT",climate
411,Gothamist,mayor adam record,"Fri, 03 Feb 2023 15:58:00 GMT",climate
412,Scientific American,a climat scientist is evalu the uss spi program,"Fri, 03 Feb 2023 19:00:15 GMT",climate
413,Fox Business,sec consid eas climat,"Fri, 03 Feb 2023 15:29:57 GMT",climate
414,United Nations,water at the center of the climat crisi unit nation,"Wed, 01 Feb 2023 21:44:57 GMT",climate
415,University of Colorado Boulder,million grant to extend studi of how climat chang shape,"Fri, 03 Feb 2023 16:48:12 GMT",climate
416,Canary Media,chart lng expans plan threaten global climat progress,"Fri, 03 Feb 2023 16:54:00 GMT",climate
417,POLITICO,world climat goal is slip away,"Thu, 02 Feb 2023 23:00:00 GMT",climate
418,Reuters,concret trap soak from air in climat,"Fri, 03 Feb 2023 11:24:00 GMT",climate
419,Columbia University,meet the next gener of africa climat forecast,"Fri, 03 Feb 2023 13:30:42 GMT",climate
420,VTDigger,juli moor there is a line between brave and imprud on climat action,"Fri, 03 Feb 2023 12:10:00 GMT",climate
421,Journal & Courier,west lafayett student advoc for climat legisl at statehous,"Fri, 03 Feb 2023 19:23:17 GMT",climate
422,UN News,climat chang wmo unveil plan for sustain monitor of,"Wed, 01 Feb 2023 16:44:52 GMT",climate
423,Newsweek,fungal infect are spread and climat chang is to blame,"Fri, 03 Feb 2023 16:29:14 GMT",climate
424,Capital Public Radio News,winter storm in california will becom more intens as climat,"Fri, 03 Feb 2023 08:04:13 GMT",climate
425,The Durango Herald,feder court us must consid climat impact of drill in,"Fri, 03 Feb 2023 11:45:26 GMT",climate
426,Climate Home News,cabl becom cool,"Fri, 03 Feb 2023 14:36:00 GMT",climate
427,International Monetary Fund,improv access to climat financ,"Thu, 02 Feb 2023 19:09:44 GMT",climate
428,Reuters,polici watch europ beef up green deal in respons to biden,"Fri, 03 Feb 2023 16:29:00 GMT",climate
429,The Wildlife Society,in california some songbird face climat challeng,"Fri, 03 Feb 2023 13:33:43 GMT",climate
430,Bloomberg,south africa say final climat plan as financ head quit,"Fri, 03 Feb 2023 08:45:43 GMT",climate
431,NOLA.com,our view fight climat threat with chang adapt,"Fri, 03 Feb 2023 09:30:00 GMT",climate
432,The Olympian,thurston youth die at council meet to protest lack of action on climat chang,"Fri, 03 Feb 2023 13:00:00 GMT",climate
433,WTOL,climat friday how doe thi toledo winter compar to previou year,"Fri, 03 Feb 2023 17:09:00 GMT",climate
434,Colorado Newsline,as southeast state warm tva critic on prepar for deal,"Fri, 03 Feb 2023 18:50:53 GMT",climate
435,Daily Planet`,the nation platform to support spanish citi meet their climat goal,"Fri, 03 Feb 2023 12:12:26 GMT",climate
436,Phys.org,water crise due to climat chang more sever than previous thought,"Thu, 02 Feb 2023 17:00:03 GMT",climate
437,UC Davis Health,uc davi health recogn as a health care climat,"Fri, 03 Feb 2023 18:59:43 GMT",climate
438,Arup,what are the effect of climat chang,"Fri, 03 Feb 2023 19:47:47 GMT",climate
439,Energy News Network,a hidden challeng for minneapoli climat goal shoddi insul,"Fri, 03 Feb 2023 10:59:00 GMT",climate
440,eJewish Philanthropy,climat chang delay gratif and tu bshevat,"Fri, 03 Feb 2023 12:36:31 GMT",climate
441,WDFW,new wdfw report call for scienc,"Thu, 02 Feb 2023 12:00:00 GMT",climate
442,American Banker,fed climat scenario pilot is a wast of time and resourc,"Fri, 03 Feb 2023 16:01:00 GMT",climate
443,Kennebec Journal and Morning Sentinel,push made for full fund for main climat corp,"Thu, 02 Feb 2023 22:43:47 GMT",climate
444,TechCrunch,the impact investor and climat correspond walk into a bar,"Fri, 03 Feb 2023 15:01:13 GMT",climate
445,Outside,the alaska oil willow project could destroy biden climat legaci,"Thu, 02 Feb 2023 19:23:14 GMT",climate
446,The Revelator,unit state includ dam emiss in un climat report for,"Fri, 03 Feb 2023 13:01:46 GMT",climate
447,Euronews,are european citi equip to face the consequ of climat,"Fri, 03 Feb 2023 19:10:59 GMT",climate
448,E&T Magazine,digit initi to improv predict of climat,"Fri, 03 Feb 2023 11:48:30 GMT",climate
449,The New York Times,recess resili climat start,"Mon, 30 Jan 2023 10:00:18 GMT",climate
450,Harvard Crimson,harvard medic school will integr climat chang into md,"Fri, 03 Feb 2023 08:00:00 GMT",climate
451,Environmental Defence,we need real climat plan not fals solut,"Fri, 03 Feb 2023 21:17:09 GMT",climate
452,Smart Cities Dive,what denver climat offic learn from earli e,"Fri, 03 Feb 2023 16:07:41 GMT",climate
453,Utah State University,usu faculti receiv grant to examin commun region,"Thu, 02 Feb 2023 23:57:12 GMT",climate
454,CNN,extrem cold snap whi temperatur still plummet to danger level even as the planet warm,"Fri, 03 Feb 2023 13:13:00 GMT",climate
455,The Beacon,opinion protect our climat and our money,"Fri, 03 Feb 2023 18:00:05 GMT",climate
456,Detroit Free Press,us rep huizenga to lead republican against sec climat,"Fri, 03 Feb 2023 19:34:46 GMT",climate
457,KPBS,california regul deliv climat credit earli to offer relief from,"Fri, 03 Feb 2023 01:37:00 GMT",climate
458,The Guardian,world biggest invest fund warn director to tackl climat crisi or face sack,"Fri, 03 Feb 2023 13:22:00 GMT",climate
459,Tallahassee Democrat,ga stove health and climat chang opinion,"Fri, 03 Feb 2023 18:00:18 GMT",climate
460,Truthout,manchin signal reviv of dirti deal climat movement vow to,"Fri, 03 Feb 2023 16:45:56 GMT",climate
461,Thomson Reuters,how best to integr climat,"Fri, 03 Feb 2023 02:48:45 GMT",climate
462,SciTechDaily,scientist use exot dna to help creat climat,"Fri, 03 Feb 2023 02:47:13 GMT",climate
463,Pennsylvania State University,studi reveal new clue about how earth thermostat control,"Fri, 03 Feb 2023 14:48:09 GMT",climate
464,Environmental Defense Fund,top white hous aid brian dees indispens in histor,"Thu, 02 Feb 2023 19:01:46 GMT",climate
465,JTA News - Jewish Telegraphic Agency,jewish institut have a tool for fight climat chang their bank account,"Fri, 03 Feb 2023 16:00:08 GMT",climate
466,JD Supra,washington state implement major program to reach climat,"Fri, 03 Feb 2023 14:06:08 GMT",climate
467,GreenBiz,episod do you know your climat fingerprint,"Fri, 03 Feb 2023 10:45:33 GMT",climate
468,JD Supra,unit kingdom competit author announc support for,"Fri, 03 Feb 2023 19:06:35 GMT",climate
469,The Guardian,could put the clock forward help tackl the climat crisi,"Thu, 02 Feb 2023 06:02:00 GMT",climate
470,City of Sonoma,draft climat action plan to be consid at first climat action,"Thu, 02 Feb 2023 19:45:32 GMT",climate
471,PR Newswire,climat startup futur becom first to pay,"Thu, 02 Feb 2023 16:04:00 GMT",climate
472,WLRN,mix,"Fri, 03 Feb 2023 14:00:00 GMT",climate
473,MeriTalk,nasa ibm plan to use ai in climat chang research,"Fri, 03 Feb 2023 15:47:20 GMT",climate
474,NRDC (Natural Resources Defense Council),dees instrument in deliv critic climat action,"Fri, 03 Feb 2023 20:17:26 GMT",climate
475,Charleston Post Courier,annual carolopoli award take aim at histor preserv,"Fri, 03 Feb 2023 14:00:00 GMT",climate
476,Eurocities,energi perform of build a hope for climat,"Fri, 03 Feb 2023 06:59:17 GMT",climate
477,Gizmodo,the last of us is right climat chang is make fungi more,"Thu, 02 Feb 2023 20:10:00 GMT",climate
478,University of New Haven News,idea council subcommitte co,"Fri, 03 Feb 2023 16:04:47 GMT",climate
479,Yale Climate Connections,a doubl whammi wildfir debri pollut drink water,"Fri, 03 Feb 2023 12:05:00 GMT",climate
480,The Guardian,footbal and the climat crisi doe the game realli want to tackl it,"Thu, 02 Feb 2023 17:23:00 GMT",climate
481,Impakter,how the european central bank new climat polici could,"Fri, 03 Feb 2023 16:02:41 GMT",climate
482,Sky News,will solar farm land us with a climat solut,"Fri, 03 Feb 2023 20:38:13 GMT",climate
483,The Washington Post,will steffen climat scientist who warn of a hothous earth die,"Tue, 31 Jan 2023 11:52:00 GMT",climate
484,Vancouver Sun,bc govern announc million in climat adapt fund,"Fri, 03 Feb 2023 20:40:41 GMT",climate
485,National Oceanic and Atmospheric Administration,climat attribut tool critic for understand extrem event,"Mon, 09 Jan 2023 08:00:00 GMT",climate
486,The New York Times,newli publish from climat fiction to a lost congoles princess,"Thu, 02 Feb 2023 19:00:00 GMT",climate
487,Executive Gov,noaa asc sign memorandum of understand to work toward,"Fri, 03 Feb 2023 21:52:19 GMT",climate
488,Corporate Secretary,the week in grc norway swf warn director on climat chang,"Fri, 03 Feb 2023 15:37:08 GMT",climate
489,Pensions & Investments,blackrock sustain invest chief to join jeff bezo climat,"Fri, 03 Feb 2023 20:45:44 GMT",climate
490,Locus Online,maya c jame review revel horror writer for climat,"Fri, 03 Feb 2023 16:30:36 GMT",climate
491,The Associated Press - en Espaol,calif climat bill would make compani disclos emiss,"Tue, 31 Jan 2023 01:19:44 GMT",climate
492,NPR,climat,"Tue, 10 Jan 2023 08:00:00 GMT",climate
493,The Hill,climat chang consum decept lawsuit threaten free speech will the suprem court take note,"Thu, 02 Feb 2023 13:00:00 GMT",climate
494,The New York Times,climat chang may bring new era of trade war as eu and us spar,"Wed, 25 Jan 2023 08:00:00 GMT",climate
495,The Washington Post,a new climat realiti less warm but wors impact on the planet,"Fri, 06 Jan 2023 08:00:00 GMT",climate
496,NPR,how our percept of time shape our approach to climat chang,"Wed, 04 Jan 2023 08:00:00 GMT",climate
497,BBC,climat chang europ and polar region bear brunt of warm in,"Tue, 10 Jan 2023 08:00:00 GMT",climate
498,Scientific American,the right word are crucial to solv climat chang,"Tue, 17 Jan 2023 14:00:46 GMT",climate
499,Federal Reserve,feder reserv board,"Tue, 17 Jan 2023 08:00:00 GMT",climate
500,BBC,how climat chang threaten to close ski resort,"Wed, 25 Jan 2023 08:00:00 GMT",climate
501,NASA,nasa noaa to announc global temperatur climat,"Tue, 10 Jan 2023 08:00:00 GMT",climate
