Publication,Title,Date,Label
The Hill,Society isn’t changing fast enough to stop climate change: study,"Wed, 01 Feb 2023 16:44:00 GMT",climate_policy
Foreign Policy,Norway Is Planning to Profit From Climate Change,"Tue, 31 Jan 2023 16:57:21 GMT",climate_policy
The Economist,Habitat loss and climate change increase the risk of new diseases,"Tue, 31 Jan 2023 18:03:29 GMT",climate_policy
Scientific American,How Water Finally Became a Climate Change Priority,"Tue, 31 Jan 2023 16:00:14 GMT",climate_policy
The Conversation,Climate change is transforming Australia's cultural life – so why isn't it mentioned in the new national cultural policy?,"Wed, 01 Feb 2023 02:55:00 GMT",climate_policy
CBS News,"Coastal residents on climate change: ""The ocean's coming for you""","Sun, 08 Jan 2023 08:00:00 GMT",climate_policy
BBC,How climate change threatens to close ski resorts,"Wed, 25 Jan 2023 08:00:00 GMT",climate_policy
CNBC,Powell reiterates Fed is not going to become a 'climate policymaker',"Tue, 10 Jan 2023 08:00:00 GMT",climate_policy
New Scientist,Earth's 'geological thermostat' is too slow to prevent climate change,"Thu, 26 Jan 2023 18:56:15 GMT",climate_policy
The New York Times,Opinion | I’m a Scientist Who Spoke Up About Climate Change. My Employer Fired Me.,"Tue, 10 Jan 2023 08:00:00 GMT",climate_policy
Forbes,Here’s Why Climate Change Gets The Spotlight But Biodiversity Doesn’t,"Wed, 01 Feb 2023 06:52:19 GMT",climate_policy
Brookings Institution,Climate Change: Adapting to a new normal,"Sat, 28 Jan 2023 01:43:57 GMT",climate_policy
Center For American Progress,How the Office of Climate Change and Health Equity Can Respond ...,"Mon, 30 Jan 2023 14:06:29 GMT",climate_policy
The New York Times,"Climate Change May Bring New Era of Trade Wars, as E.U. and U.S. Spar","Wed, 25 Jan 2023 08:00:00 GMT",climate_policy
Impakter,How the European Central Bank’s New Climate Policy Could ...,"Fri, 03 Feb 2023 16:02:41 GMT",climate_policy
UNM School of Law News,Largest greenhouse gas emitters overlooked in state climate policy ...,"Fri, 03 Feb 2023 17:04:01 GMT",climate_policy
Phys.org,"New Mexico's largest emitters overlooked in state climate policy, says report","Wed, 01 Feb 2023 20:28:03 GMT",climate_policy
Harvard Crimson,Harvard Medical School Will Integrate Climate Change Into M.D. ...,"Fri, 03 Feb 2023 08:00:00 GMT",climate_policy
E-International Relations,Climate Change: Scientific Evidence and Projected Warming,"Thu, 02 Feb 2023 20:14:56 GMT",climate_policy
JD Supra,United Kingdom Competition Authority Announces Support for ...,"Fri, 03 Feb 2023 19:06:35 GMT",climate_policy
Science Daily,Climate change may cut US forest inventory by a fifth this century,"Thu, 02 Feb 2023 00:43:56 GMT",climate_policy
Clyde & Co,NSW EPA releases its Climate Change Policy and Climate Change ...,"Fri, 03 Feb 2023 00:17:47 GMT",climate_policy
Euronews,Are European cities equipped to face the consequences of climate ...,"Fri, 03 Feb 2023 19:10:59 GMT",climate_policy
Nature.com,Research on public support for climate policy instruments must ...,"Thu, 26 Jan 2023 16:05:02 GMT",climate_policy
The Revelator,United States Includes Dam Emissions in UN Climate Reporting for ...,"Fri, 03 Feb 2023 13:01:46 GMT",climate_policy
California Ag Today,"UC ANR Expands Expertise for Climate Change, Economic ...","Fri, 03 Feb 2023 17:11:38 GMT",climate_policy
The Wall Street Journal,Opinion | Al Gore and the End of Climate Policy,"Fri, 03 Feb 2023 22:06:00 GMT",climate_policy
Yale Program on Climate Change Communication,Climate Change in the American Mind: Politics & Policy December ...,"Tue, 31 Jan 2023 12:22:30 GMT",climate_policy
GreenBiz,2023: Another big year for climate policy,"Thu, 05 Jan 2023 08:00:00 GMT",climate_policy
Marco News,"3 To Know: CVS to reduce pharmacy hours, climate change news ...","Fri, 03 Feb 2023 13:12:57 GMT",climate_policy
The Washington Post,Meet the group sharpening the GOP attack on 'woke’ climate policies,"Mon, 30 Jan 2023 14:10:00 GMT",climate_policy
Reuters,Policy Watch: Europe beefs up Green Deal in response to Biden's ...,"Fri, 03 Feb 2023 16:29:00 GMT",climate_policy
ReliefWeb,Republic of Congo Economic Update,"Thu, 02 Feb 2023 21:40:55 GMT",climate_policy
The Business Journals,Blue Planet Foundation's Melissa Miyashiro helps shape climate ...,"Thu, 02 Feb 2023 21:47:00 GMT",climate_policy
NPR,How our perception of time shapes our approach to climate change,"Wed, 04 Jan 2023 08:00:00 GMT",climate_policy
Responsible Investor,"SEC to prioritise climate change disclosure, shareholder proposal ...","Wed, 01 Feb 2023 15:17:55 GMT",climate_policy
University of Colorado Boulder,Why does climate policy lag science? | Colorado Arts and Sciences ...,"Thu, 12 Jan 2023 08:00:00 GMT",climate_policy
Carnegie Endowment for International Peace,Climate Change Is Now Coming for the Elite,"Wed, 18 Jan 2023 08:00:00 GMT",climate_policy
Scientific American,The Right Words Are Crucial to Solving Climate Change,"Tue, 17 Jan 2023 14:00:46 GMT",climate_policy
Nature.com,Multidimensional partisanship shapes climate policy support and ...,"Mon, 09 Jan 2023 08:00:00 GMT",climate_policy
Virginia Business Magazine,Business climate change,"Fri, 03 Feb 2023 18:30:36 GMT",climate_policy
PRI,An introduction to responsible investment: climate change for asset ...,"Mon, 29 Jun 2020 07:00:00 GMT",climate_policy
ACT Alliance,ACT and Bread for the World publish new study on Human Mobility ...,"Fri, 03 Feb 2023 15:37:38 GMT",climate_policy
JD Supra,This Week's Climate Policy Update,"Tue, 10 Jan 2023 08:00:00 GMT",climate_policy
Harvard Medical School,Connecting Climate Change and Health | Harvard Medical School,"Mon, 09 Jan 2023 08:00:00 GMT",climate_policy
Corporate Secretary,Chubb and Travelers aim to exclude climate change proposals,"Thu, 02 Feb 2023 16:36:56 GMT",climate_policy
The Guardian,Google let Daily Wire advertise on ‘climate change is a hoax’ searches,"Fri, 27 Jan 2023 16:33:00 GMT",climate_policy
Assembly of First Nations,AFN BULLETIN,"Fri, 03 Feb 2023 15:16:36 GMT",climate_policy
World Economic Forum,What is the EU’s New Bauhaus movement for forests?,"Tue, 31 Jan 2023 17:24:00 GMT",climate_policy
Education Week,Students Want Climate Change Education. Most Teachers Don't Get ...,"Tue, 31 Jan 2023 22:01:04 GMT",climate_policy
PRI,IPR Quarterly Forecast Tracker,"Wed, 25 Jan 2023 08:00:00 GMT",climate_policy
The Hindu,Soumya Swaminathan nominated to Governing Council on Climate Change,"Fri, 03 Feb 2023 16:24:00 GMT",climate_policy
Brookings Institution,Methane comes front and center in climate change policy,"Fri, 06 Jan 2023 08:00:00 GMT",climate_policy
World Economic Forum,Climate change and the environment – top stories this week. | World ...,"Mon, 09 Jan 2023 08:00:00 GMT",climate_policy
Atlas Obscura,Does This Silly,"Tue, 31 Jan 2023 22:03:14 GMT",climate_policy
World Economic Forum,Climate change is adding to a growing infectious disease burden ...,"Wed, 18 Jan 2023 08:00:00 GMT",climate_policy
Lexology,Climate policy newsletter,"Thu, 05 Jan 2023 08:00:00 GMT",climate_policy
The Hill,Climate change consumer deception lawsuits threaten free speech. Will the Supreme Court take note?,"Thu, 02 Feb 2023 13:00:00 GMT",climate_policy
World Economic Forum,Climate change threatens everyone's health – here's how ...,"Tue, 17 Jan 2023 08:00:00 GMT",climate_policy
The Nation,Regional cooperation on climate change,"Fri, 03 Feb 2023 20:20:30 GMT",climate_policy
World Economic Forum,Trade can help us address climate change. Four trade ministers ...,"Thu, 19 Jan 2023 08:00:00 GMT",climate_policy
Fox News,Biden says climate change is bigger threat to humanity than nuclear war: 'We’re going to have a real problem',"Wed, 01 Feb 2023 02:39:00 GMT",climate_policy
Austin Chronicle,Texas Lege Looks to Address Flooding and Drought WIthout Saying ...,"Fri, 03 Feb 2023 06:04:02 GMT",climate_policy
BBC,ExxonMobil: Oil giant predicted climate change in 1970s,"Thu, 12 Jan 2023 08:00:00 GMT",climate_policy
Guardian Nigeria,"Presidential forum on environment, climate change holds — Nigeria","Fri, 03 Feb 2023 13:23:00 GMT",climate_policy
House of Lords Library,Nature,"Fri, 03 Feb 2023 15:47:23 GMT",climate_policy
University of Massachusetts Boston,Researchers Explore Impacts of Climate Change Through the Eyes ...,"Wed, 11 Jan 2023 08:00:00 GMT",climate_policy
World Economic Forum,How improving road safety can help tackle climate change,"Tue, 10 Jan 2023 08:00:00 GMT",climate_policy
Geospatial World,"IBM, NASA Collaborate for Climate Change Research","Wed, 01 Feb 2023 23:27:48 GMT",climate_policy
University of North Carolina at Greensboro,climate change impacts on past societies offer lessons for global ...,"Mon, 16 Jan 2023 08:00:00 GMT",climate_policy
The Round Table,"The Commonwealth, climate change, small states and inequality","Thu, 02 Feb 2023 13:47:10 GMT",climate_policy
Euronews,Are European cities equipped to face the consequences of climate ...,"Fri, 03 Feb 2023 19:11:26 GMT",climate_policy
The Guardian,Three issues will decide if Labor’s climate policy is a success – what the government does next is key,"Fri, 13 Jan 2023 08:00:00 GMT",climate_policy
The Institutional Investors Group on Climate Change,Climate change tops WEF Global Risks Report 2023 – IIGCC,"Fri, 13 Jan 2023 08:00:00 GMT",climate_policy
Schroders,Q&A: how we've engaged with European banks over climate change,"Tue, 31 Jan 2023 12:38:36 GMT",climate_policy
Stuff,Approach to funding infrastructure needed to avoid 'managed retreat ...,"Tue, 31 Jan 2023 20:42:00 GMT",climate_policy
Inside Housing,"'Not fit for purpose' EPC ratings need reform, says climate change ...","Fri, 03 Feb 2023 14:00:00 GMT",climate_policy
Stuff,Greens' James Shaw looks for cross,"Tue, 31 Jan 2023 16:00:00 GMT",climate_policy
Global News,Quebec’s ‘green’ zeal likely to push Trudeau government’s climate policies,"Sat, 07 Jan 2023 08:00:00 GMT",climate_policy
Colorado Department of Public Health and Environment,Climate Change | Department of Public Health & Environment,"Thu, 29 Dec 2022 21:55:46 GMT",climate_policy
The White House,FACT SHEET: President Biden Announces New Initiatives at COP27 ...,"Fri, 11 Nov 2022 08:00:00 GMT",climate_policy
The Harvard Law School Forum on Corporate Governance,How Companies Are — and Aren't — Leading on Climate Policy,"Mon, 12 Dec 2022 08:00:00 GMT",climate_policy
Brookings Institution,Climate policy curves: Linking policy choices to climate outcomes,"Wed, 14 Dec 2022 08:00:00 GMT",climate_policy
The White House,FACT SHEET: Biden,"Thu, 08 Sep 2022 07:00:00 GMT",climate_policy
CalMatters,Slashing greenhouse gases: California revises climate change ...,"Wed, 16 Nov 2022 08:00:00 GMT",climate_policy
OEHHA,2022 Report: Indicators of Climate Change in California,"Tue, 01 Nov 2022 07:00:00 GMT",climate_policy
The White House,FACT SHEET: Biden,"Tue, 08 Nov 2022 08:00:00 GMT",climate_policy
The White House,FACT SHEET: Biden,"Thu, 06 Oct 2022 07:00:00 GMT",climate_policy
UNFCCC,Climate Plans Remain Insufficient: More Ambitious Action Needed ...,"Wed, 26 Oct 2022 07:00:00 GMT",climate_policy
Nature.com,The missing risks of climate change,"Wed, 26 Oct 2022 07:00:00 GMT",climate_policy
Forbes,How To Reboot Climate Policy After COP27: Five Models Of Policy Making,"Sun, 04 Dec 2022 08:00:00 GMT",climate_policy
NRDC (Natural Resources Defense Council),What Are the Solutions to Climate Change?,"Tue, 13 Dec 2022 08:00:00 GMT",climate_policy
Brookings Institution,US climate policy progress,"Wed, 30 Nov 2022 08:00:00 GMT",climate_policy
Columbia | SIPA Center on Global Energy Policy,How the Unequal Effects of Climate Change Broke Economists ...,"Thu, 27 Oct 2022 07:00:00 GMT",climate_policy
NPR,Republicans prepare to challenge Democrats' climate change efforts ...,"Fri, 30 Dec 2022 08:00:00 GMT",climate_policy
Environmental Defense Fund,The biggest thing Congress has ever done to address climate change,"Fri, 12 Aug 2022 07:00:00 GMT",climate_policy
Climate Policy Initiative,Global Landscape of Climate Finance: A Decade of Data,"Thu, 27 Oct 2022 07:00:00 GMT",climate_policy
CalMatters,California takes steps to battle climate change,"Thu, 01 Sep 2022 07:00:00 GMT",climate_policy
NPR,Kids are increasingly coping with climate change. Here's their advice,"Thu, 17 Nov 2022 08:00:00 GMT",climate_policy
CNBC,Young people just got a louder voice on climate change — and could soon be shaping policy,"Wed, 23 Nov 2022 08:00:00 GMT",climate_policy
